{
  "datacenter": {
    "name": "Datacenter_1",
    "arch": "x86",
    "os": "Linux",
    "vmm": "Xen",
    "cost": 3.0,
    "costPerMem": 0.05,
    "costPerStorage": 0.1,
    "costPerBw": 0.1,
    "physicalMachines": [
      {
        "id": 1,
        "hostType": "Economy",
        "ram": 65536,
        "storage": 100000000,
        "bw": 120000,
        "pes": [
          {
            "id": 1,
            "mips": 10000
          },
          {
            "id": 2,
            "mips": 10000
          }
        ]
      },
      {
        "id": 2,
        "hostType": "Economy",
        "ram": 131072,
        "storage": 100000000,
        "bw": 40000,
        "pes": [
          {
            "id": 1,
            "mips": 10000
          },
          {
            "id": 2,
            "mips": 10000
          }
        ]
      },
      {
        "id": 3,
        "hostType": "HighPerformance",
        "ram": 131072,
        "storage": 4000000,
        "bw": 40000,
        "pes": [
          {
            "id": 1,
            "mips": 30000
          },
          {
            "id": 2,
            "mips": 30000
          },
          {
            "id": 3,
            "mips": 30000
          },
          {
            "id": 4,
            "mips": 30000
          }
        ]
      },
      {
        "id": 4,
        "hostType": "Standard",
        "ram": 196608,
        "storage": 200000000,
        "bw": 80000,
        "pes": [
          {
            "id": 1,
            "mips": 20000
          },
          {
            "id": 2,
            "mips": 20000
          },
          {
            "id": 3,
            "mips": 20000
          },
          {
            "id": 4,
            "mips": 20000
          }
        ]
      },
      {
        "id": 5,
        "hostType": "Standard",
        "ram": 196608,
        "storage": 200000000,
        "bw": 40000,
        "pes": [
          {
            "id": 1,
            "mips": 20000
          },
          {
            "id": 2,
            "mips": 20000
          },
          {
            "id": 3,
            "mips": 20000
          },
          {
            "id": 4,
            "mips": 20000
          }
        ]
      }
    ]
  },
  "virtualMachines": [
    {
      "id": 1,
      "userId": 2,
      "mips": 2066,
      "numberOfPes": 1,
      "ram": 512,
      "bw": 368,
      "size": 4211,
      "vmm": "Xen",
      "hostId": 2,
      "migrate": false
    },
    {
      "id": 2,
      "userId": 3,
      "mips": 1479,
      "numberOfPes": 1,
      "ram": 512,
      "bw": 697,
      "size": 3473,
      "vmm": "Xen",
      "hostId": 3,
      "migrate": true
    },
    {
      "id": 3,
      "userId": 4,
      "mips": 2911,
      "numberOfPes": 2,
      "ram": 1024,
      "bw": 491,
      "size": 1361,
      "vmm": "Xen",
      "hostId": 3,
      "migrate": true
    },
    {
      "id": 4,
      "userId": 5,
      "mips": 1266,
      "numberOfPes": 2,
      "ram": 1024,
      "bw": 620,
      "size": 6624,
      "vmm": "Xen",
      "hostId": 1,
      "migrate": true
    },
    {
      "id": 5,
      "userId": 6,
      "mips": 1973,
      "numberOfPes": 2,
      "ram": 1024,
      "bw": 280,
      "size": 4881,
      "vmm": "Xen",
      "hostId": 3,
      "migrate": false
    },
    {
      "id": 6,
      "userId": 7,
      "mips": 1177,
      "numberOfPes": 2,
      "ram": 1024,
      "bw": 205,
      "size": 4732,
      "vmm": "Xen",
      "hostId": 1,
      "migrate": false
    },
    {
      "id": 7,
      "userId": 8,
      "mips": 2445,
      "numberOfPes": 1,
      "ram": 512,
      "bw": 613,
      "size": 4016,
      "vmm": "Xen",
      "hostId": 2,
      "migrate": false
    },
    {
      "id": 8,
      "userId": 9,
      "mips": 1515,
      "numberOfPes": 1,
      "ram": 512,
      "bw": 574,
      "size": 1143,
      "vmm": "Xen",
      "hostId": 4,
      "migrate": true
    },
    {
      "id": 9,
      "userId": 10,
      "mips": 2379,
      "numberOfPes": 2,
      "ram": 1024,
      "bw": 365,
      "size": 7520,
      "vmm": "Xen",
      "hostId": 5,
      "migrate": false
    },
    {
      "id": 10,
      "userId": 1,
      "mips": 1265,
      "numberOfPes": 2,
      "ram": 1024,
      "bw": 588,
      "size": 3093,
      "vmm": "Xen",
      "hostId": 2,
      "migrate": false
    },
    {
      "id": 11,
      "userId": 2,
      "mips": 2498,
      "numberOfPes": 2,
      "ram": 1024,
      "bw": 279,
      "size": 3629,
      "vmm": "Xen",
      "hostId": 2,
      "migrate": false
    },
    {
      "id": 12,
      "userId": 3,
      "mips": 2259,
      "numberOfPes": 2,
      "ram": 1024,
      "bw": 450,
      "size": 2751,
      "vmm": "Xen",
      "hostId": 1,
      "migrate": false
    },
    {
      "id": 13,
      "userId": 4,
      "mips": 2525,
      "numberOfPes": 1,
      "ram": 512,
      "bw": 219,
      "size": 1781,
      "vmm": "Xen",
      "hostId": 5,
      "migrate": true
    },
    {
      "id": 14,
      "userId": 5,
      "mips": 1677,
      "numberOfPes": 2,
      "ram": 1024,
      "bw": 440,
      "size": 7883,
      "vmm": "Xen",
      "hostId": 3,
      "migrate": false
    },
    {
      "id": 15,
      "userId": 6,
      "mips": 1248,
      "numberOfPes": 1,
      "ram": 512,
      "bw": 435,
      "size": 1546,
      "vmm": "Xen",
      "hostId": 1,
      "migrate": false
    },
    {
      "id": 16,
      "userId": 7,
      "mips": 2808,
      "numberOfPes": 2,
      "ram": 1024,
      "bw": 534,
      "size": 7852,
      "vmm": "Xen",
      "hostId": 1,
      "migrate": true
    },
    {
      "id": 17,
      "userId": 8,
      "mips": 1875,
      "numberOfPes": 1,
      "ram": 512,
      "bw": 226,
      "size": 5614,
      "vmm": "Xen",
      "hostId": 5,
      "migrate": true
    },
    {
      "id": 18,
      "userId": 9,
      "mips": 2301,
      "numberOfPes": 2,
      "ram": 1024,
      "bw": 635,
      "size": 8324,
      "vmm": "Xen",
      "hostId": 4,
      "migrate": false
    },
    {
      "id": 19,
      "userId": 10,
      "mips": 2743,
      "numberOfPes": 1,
      "ram": 512,
      "bw": 484,
      "size": 5427,
      "vmm": "Xen",
      "hostId": 1,
      "migrate": false
    },
    {
      "id": 20,
      "userId": 1,
      "mips": 1340,
      "numberOfPes": 1,
      "ram": 512,
      "bw": 230,
      "size": 5130,
      "vmm": "Xen",
      "hostId": 2,
      "migrate": true
    }
  ],
  "cloudlets": [
    {
      "id": 1,
      "length": 5000,
      "pesNumber": 2,
      "fileSize": 300,
      "outputSize": 300,
      "utilizationModelCpu": "Full",
      "utilizationModelRam": "Full",
      "utilizationModelBw": "Full",
      "vmId": 1
    },
    {
      "id": 2,
      "length": 5000,
      "pesNumber": 2,
      "fileSize": 300,
      "outputSize": 300,
      "utilizationModelCpu": "Full",
      "utilizationModelRam": "Full",
      "utilizationModelBw": "Full",
      "vmId": 2
    },
    {
      "id": 3,
      "length": 5000,
      "pesNumber": 2,
      "fileSize": 300,
      "outputSize": 300,
      "utilizationModelCpu": "Full",
      "utilizationModelRam": "Full",
      "utilizationModelBw": "Full",
      "vmId": 3
    },
    {
      "id": 4,
      "length": 5000,
      "pesNumber": 2,
      "fileSize": 300,
      "outputSize": 300,
      "utilizationModelCpu": "Full",
      "utilizationModelRam": "Full",
      "utilizationModelBw": "Full",
      "vmId": 4
    },
    {
      "id": 5,
      "length": 5000,
      "pesNumber": 2,
      "fileSize": 300,
      "outputSize": 300,
      "utilizationModelCpu": "Full",
      "utilizationModelRam": "Full",
      "utilizationModelBw": "Full",
      "vmId": 5
    },
    {
      "id": 6,
      "length": 5000,
      "pesNumber": 2,
      "fileSize": 300,
      "outputSize": 300,
      "utilizationModelCpu": "Full",
      "utilizationModelRam": "Full",
      "utilizationModelBw": "Full",
      "vmId": 6
    },
    {
      "id": 7,
      "length": 5000,
      "pesNumber": 2,
      "fileSize": 300,
      "outputSize": 300,
      "utilizationModelCpu": "Full",
      "utilizationModelRam": "Full",
      "utilizationModelBw": "Full",
      "vmId": 7
    },
    {
      "id": 8,
      "length": 5000,
      "pesNumber": 2,
      "fileSize": 300,
      "outputSize": 300,
      "utilizationModelCpu": "Full",
      "utilizationModelRam": "Full",
      "utilizationModelBw": "Full",
      "vmId": 8
    },
    {
      "id": 9,
      "length": 5000,
      "pesNumber": 2,
      "fileSize": 300,
      "outputSize": 300,
      "utilizationModelCpu": "Full",
      "utilizationModelRam": "Full",
      "utilizationModelBw": "Full",
      "vmId": 9
    },
    {
      "id": 10,
      "length": 5000,
      "pesNumber": 2,
      "fileSize": 300,
      "outputSize": 300,
      "utilizationModelCpu": "Full",
      "utilizationModelRam": "Full",
      "utilizationModelBw": "Full",
      "vmId": 10
    },
    {
      "id": 11,
      "length": 5000,
      "pesNumber": 2,
      "fileSize": 300,
      "outputSize": 300,
      "utilizationModelCpu": "Full",
      "utilizationModelRam": "Full",
      "utilizationModelBw": "Full",
      "vmId": 11
    },
    {
      "id": 12,
      "length": 5000,
      "pesNumber": 2,
      "fileSize": 300,
      "outputSize": 300,
      "utilizationModelCpu": "Full",
      "utilizationModelRam": "Full",
      "utilizationModelBw": "Full",
      "vmId": 12
    },
    {
      "id": 13,
      "length": 5000,
      "pesNumber": 2,
      "fileSize": 300,
      "outputSize": 300,
      "utilizationModelCpu": "Full",
      "utilizationModelRam": "Full",
      "utilizationModelBw": "Full",
      "vmId": 13
    },
    {
      "id": 14,
      "length": 5000,
      "pesNumber": 2,
      "fileSize": 300,
      "outputSize": 300,
      "utilizationModelCpu": "Full",
      "utilizationModelRam": "Full",
      "utilizationModelBw": "Full",
      "vmId": 14
    },
    {
      "id": 15,
      "length": 5000,
      "pesNumber": 2,
      "fileSize": 300,
      "outputSize": 300,
      "utilizationModelCpu": "Full",
      "utilizationModelRam": "Full",
      "utilizationModelBw": "Full",
      "vmId": 15
    },
    {
      "id": 16,
      "length": 5000,
      "pesNumber": 2,
      "fileSize": 300,
      "outputSize": 300,
      "utilizationModelCpu": "Full",
      "utilizationModelRam": "Full",
      "utilizationModelBw": "Full",
      "vmId": 16
    },
    {
      "id": 17,
      "length": 5000,
      "pesNumber": 2,
      "fileSize": 300,
      "outputSize": 300,
      "utilizationModelCpu": "Full",
      "utilizationModelRam": "Full",
      "utilizationModelBw": "Full",
      "vmId": 17
    },
    {
      "id": 18,
      "length": 5000,
      "pesNumber": 2,
      "fileSize": 300,
      "outputSize": 300,
      "utilizationModelCpu": "Full",
      "utilizationModelRam": "Full",
      "utilizationModelBw": "Full",
      "vmId": 18
    },
    {
      "id": 19,
      "length": 5000,
      "pesNumber": 2,
      "fileSize": 300,
      "outputSize": 300,
      "utilizationModelCpu": "Full",
      "utilizationModelRam": "Full",
      "utilizationModelBw": "Full",
      "vmId": 19
    },
    {
      "id": 20,
      "length": 5000,
      "pesNumber": 2,
      "fileSize": 300,
      "outputSize": 300,
      "utilizationModelCpu": "Full",
      "utilizationModelRam": "Full",
      "utilizationModelBw": "Full",
      "vmId": 20
    }
  ]
}