{
  "datacenter": {
    "name": "Datacenter_1",
    "arch": "x86",
    "os": "Linux",
    "vmm": "Xen",
    "cost": 3.0,
    "costPerMem": 0.05,
    "costPerStorage": 0.1,
    "costPerBw": 0.1,
    "physicalMachines": [
      {
        "id": 1,
        "hostType": "Standard",
        "ram": 32768000,
        "storage": 200000000,
        "bw": 10000000,
        "pes": [
          {
            "id": 1,
            "mips": 20000
          },
          {
            "id": 2,
            "mips": 20000
          },
          {
            "id": 3,
            "mips": 20000
          },
          {
            "id": 4,
            "mips": 20000
          }
        ]
      },
      {
        "id": 2,
        "hostType": "Economy",
        "ram": 16384000,
        "storage": 100000000,
        "bw": 5000000,
        "pes": [
          {
            "id": 1,
            "mips": 10000
          },
          {
            "id": 2,
            "mips": 10000
          }
        ]
      },
      {
        "id": 3,
        "hostType": "HighPerformance",
        "ram": 65536,
        "storage": 4000000,
        "bw": 20000,
        "pes": [
          {
            "id": 1,
            "mips": 30000
          },
          {
            "id": 2,
            "mips": 30000
          },
          {
            "id": 3,
            "mips": 30000
          },
          {
            "id": 4,
            "mips": 30000
          }
        ]
      },
      {
        "id": 4,
        "hostType": "HighPerformance",
        "ram": 65536,
        "storage": 4000000,
        "bw": 20000,
        "pes": [
          {
            "id": 1,
            "mips": 30000
          },
          {
            "id": 2,
            "mips": 30000
          },
          {
            "id": 3,
            "mips": 30000
          },
          {
            "id": 4,
            "mips": 30000
          }
        ]
      },
      {
        "id": 5,
        "hostType": "HighPerformance",
        "ram": 65536,
        "storage": 4000000,
        "bw": 20000,
        "pes": [
          {
            "id": 1,
            "mips": 30000
          },
          {
            "id": 2,
            "mips": 30000
          },
          {
            "id": 3,
            "mips": 30000
          },
          {
            "id": 4,
            "mips": 30000
          }
        ]
      }
    ]
  },
  "virtualMachines": [
    {
      "id": 1,
      "userId": 2,
      "mips": 2476,
      "numberOfPes": 2,
      "ram": 1024,
      "bw": 622,
      "size": 3764,
      "vmm": "Xen",
      "hostId": 5,
      "migrate": false
    },
    {
      "id": 2,
      "userId": 3,
      "mips": 2531,
      "numberOfPes": 1,
      "ram": 512,
      "bw": 414,
      "size": 5662,
      "vmm": "Xen",
      "hostId": 1,
      "migrate": false
    },
    {
      "id": 3,
      "userId": 4,
      "mips": 1071,
      "numberOfPes": 2,
      "ram": 1024,
      "bw": 646,
      "size": 3408,
      "vmm": "Xen",
      "hostId": 4,
      "migrate": true
    },
    {
      "id": 4,
      "userId": 5,
      "mips": 1402,
      "numberOfPes": 1,
      "ram": 512,
      "bw": 271,
      "size": 2806,
      "vmm": "Xen",
      "hostId": 3,
      "migrate": true
    },
    {
      "id": 5,
      "userId": 6,
      "mips": 2914,
      "numberOfPes": 2,
      "ram": 1024,
      "bw": 613,
      "size": 5075,
      "vmm": "Xen",
      "hostId": 5,
      "migrate": false
    },
    {
      "id": 6,
      "userId": 7,
      "mips": 1938,
      "numberOfPes": 1,
      "ram": 512,
      "bw": 525,
      "size": 3789,
      "vmm": "Xen",
      "hostId": 1,
      "migrate": true
    },
    {
      "id": 7,
      "userId": 8,
      "mips": 2457,
      "numberOfPes": 2,
      "ram": 1024,
      "bw": 558,
      "size": 5056,
      "vmm": "Xen",
      "hostId": 3,
      "migrate": false
    },
    {
      "id": 8,
      "userId": 9,
      "mips": 1888,
      "numberOfPes": 1,
      "ram": 512,
      "bw": 382,
      "size": 2683,
      "vmm": "Xen",
      "hostId": 3,
      "migrate": true
    },
    {
      "id": 9,
      "userId": 10,
      "mips": 1927,
      "numberOfPes": 1,
      "ram": 512,
      "bw": 632,
      "size": 3867,
      "vmm": "Xen",
      "hostId": 3,
      "migrate": true
    },
    {
      "id": 10,
      "userId": 1,
      "mips": 1247,
      "numberOfPes": 2,
      "ram": 1024,
      "bw": 303,
      "size": 8410,
      "vmm": "Xen",
      "hostId": 4,
      "migrate": true
    },
    {
      "id": 11,
      "userId": 2,
      "mips": 1909,
      "numberOfPes": 1,
      "ram": 512,
      "bw": 442,
      "size": 4652,
      "vmm": "Xen",
      "hostId": 1,
      "migrate": false
    },
    {
      "id": 12,
      "userId": 3,
      "mips": 2764,
      "numberOfPes": 2,
      "ram": 1024,
      "bw": 482,
      "size": 8469,
      "vmm": "Xen",
      "hostId": 1,
      "migrate": true
    },
    {
      "id": 13,
      "userId": 4,
      "mips": 2664,
      "numberOfPes": 1,
      "ram": 512,
      "bw": 233,
      "size": 7849,
      "vmm": "Xen",
      "hostId": 3,
      "migrate": true
    },
    {
      "id": 14,
      "userId": 5,
      "mips": 1723,
      "numberOfPes": 1,
      "ram": 512,
      "bw": 639,
      "size": 6373,
      "vmm": "Xen",
      "hostId": 3,
      "migrate": false
    },
    {
      "id": 15,
      "userId": 6,
      "mips": 1750,
      "numberOfPes": 1,
      "ram": 512,
      "bw": 457,
      "size": 4284,
      "vmm": "Xen",
      "hostId": 3,
      "migrate": false
    }
  ],
  "cloudlets": [
    {
      "id": 1,
      "length": 5000,
      "pesNumber": 2,
      "fileSize": 300,
      "outputSize": 300,
      "utilizationModelCpu": "Full",
      "utilizationModelRam": "Full",
      "utilizationModelBw": "Full",
      "vmId": 1
    },
    {
      "id": 2,
      "length": 5000,
      "pesNumber": 2,
      "fileSize": 300,
      "outputSize": 300,
      "utilizationModelCpu": "Full",
      "utilizationModelRam": "Full",
      "utilizationModelBw": "Full",
      "vmId": 2
    },
    {
      "id": 3,
      "length": 5000,
      "pesNumber": 2,
      "fileSize": 300,
      "outputSize": 300,
      "utilizationModelCpu": "Full",
      "utilizationModelRam": "Full",
      "utilizationModelBw": "Full",
      "vmId": 3
    },
    {
      "id": 4,
      "length": 5000,
      "pesNumber": 2,
      "fileSize": 300,
      "outputSize": 300,
      "utilizationModelCpu": "Full",
      "utilizationModelRam": "Full",
      "utilizationModelBw": "Full",
      "vmId": 4
    },
    {
      "id": 5,
      "length": 5000,
      "pesNumber": 2,
      "fileSize": 300,
      "outputSize": 300,
      "utilizationModelCpu": "Full",
      "utilizationModelRam": "Full",
      "utilizationModelBw": "Full",
      "vmId": 5
    },
    {
      "id": 6,
      "length": 5000,
      "pesNumber": 2,
      "fileSize": 300,
      "outputSize": 300,
      "utilizationModelCpu": "Full",
      "utilizationModelRam": "Full",
      "utilizationModelBw": "Full",
      "vmId": 6
    },
    {
      "id": 7,
      "length": 5000,
      "pesNumber": 2,
      "fileSize": 300,
      "outputSize": 300,
      "utilizationModelCpu": "Full",
      "utilizationModelRam": "Full",
      "utilizationModelBw": "Full",
      "vmId": 7
    },
    {
      "id": 8,
      "length": 5000,
      "pesNumber": 2,
      "fileSize": 300,
      "outputSize": 300,
      "utilizationModelCpu": "Full",
      "utilizationModelRam": "Full",
      "utilizationModelBw": "Full",
      "vmId": 8
    },
    {
      "id": 9,
      "length": 5000,
      "pesNumber": 2,
      "fileSize": 300,
      "outputSize": 300,
      "utilizationModelCpu": "Full",
      "utilizationModelRam": "Full",
      "utilizationModelBw": "Full",
      "vmId": 9
    },
    {
      "id": 10,
      "length": 5000,
      "pesNumber": 2,
      "fileSize": 300,
      "outputSize": 300,
      "utilizationModelCpu": "Full",
      "utilizationModelRam": "Full",
      "utilizationModelBw": "Full",
      "vmId": 10
    },
    {
      "id": 11,
      "length": 5000,
      "pesNumber": 2,
      "fileSize": 300,
      "outputSize": 300,
      "utilizationModelCpu": "Full",
      "utilizationModelRam": "Full",
      "utilizationModelBw": "Full",
      "vmId": 11
    },
    {
      "id": 12,
      "length": 5000,
      "pesNumber": 2,
      "fileSize": 300,
      "outputSize": 300,
      "utilizationModelCpu": "Full",
      "utilizationModelRam": "Full",
      "utilizationModelBw": "Full",
      "vmId": 12
    },
    {
      "id": 13,
      "length": 5000,
      "pesNumber": 2,
      "fileSize": 300,
      "outputSize": 300,
      "utilizationModelCpu": "Full",
      "utilizationModelRam": "Full",
      "utilizationModelBw": "Full",
      "vmId": 13
    },
    {
      "id": 14,
      "length": 5000,
      "pesNumber": 2,
      "fileSize": 300,
      "outputSize": 300,
      "utilizationModelCpu": "Full",
      "utilizationModelRam": "Full",
      "utilizationModelBw": "Full",
      "vmId": 14
    },
    {
      "id": 15,
      "length": 5000,
      "pesNumber": 2,
      "fileSize": 300,
      "outputSize": 300,
      "utilizationModelCpu": "Full",
      "utilizationModelRam": "Full",
      "utilizationModelBw": "Full",
      "vmId": 15
    }
  ]
}