{
  "datacenter": {
    "name": "Datacenter_1",
    "arch": "x86",
    "os": "Linux",
    "vmm": "Xen",
    "cost": 3.0,
    "costPerMem": 0.05,
    "costPerStorage": 0.1,
    "costPerBw": 0.1,
    "physicalMachines": [
      {
        "id": 1,
        "hostType": "Standard",
        "ram": 32768000,
        "storage": 200000000,
        "bw": 10000000,
        "pes": [
          {
            "id": 1,
            "mips": 20000
          },
          {
            "id": 2,
            "mips": 20000
          },
          {
            "id": 3,
            "mips": 20000
          },
          {
            "id": 4,
            "mips": 20000
          }
        ]
      },
      {
        "id": 2,
        "hostType": "Economy",
        "ram": 16384000,
        "storage": 100000000,
        "bw": 5000000,
        "pes": [
          {
            "id": 1,
            "mips": 10000
          },
          {
            "id": 2,
            "mips": 10000
          }
        ]
      }
    ]
  },
  "virtualMachines": [
    {
      "id": 1,
      "userId": 2,
      "mips": 1386,
      "numberOfPes": 1,
      "ram": 512,
      "bw": 297,
      "size": 3697,
      "vmm": "Xen",
      "hostId": 2,
      "migrate": true
    },
    {
      "id": 2,
      "userId": 3,
      "mips": 1000,
      "numberOfPes": 2,
      "ram": 1024,
      "bw": 623,
      "size": 6106,
      "vmm": "Xen",
      "hostId": 2,
      "migrate": true
    },
    {
      "id": 3,
      "userId": 4,
      "mips": 2568,
      "numberOfPes": 2,
      "ram": 1024,
      "bw": 498,
      "size": 1476,
      "vmm": "Xen",
      "hostId": 1,
      "migrate": false
    },
    {
      "id": 4,
      "userId": 5,
      "mips": 2472,
      "numberOfPes": 1,
      "ram": 512,
      "bw": 390,
      "size": 6257,
      "vmm": "Xen",
      "hostId": 1,
      "migrate": true
    },
    {
      "id": 5,
      "userId": 6,
      "mips": 1818,
      "numberOfPes": 2,
      "ram": 1024,
      "bw": 360,
      "size": 7823,
      "vmm": "Xen",
      "hostId": 2,
      "migrate": true
    },
    {
      "id": 6,
      "userId": 7,
      "mips": 2644,
      "numberOfPes": 2,
      "ram": 1024,
      "bw": 275,
      "size": 2877,
      "vmm": "Xen",
      "hostId": 2,
      "migrate": true
    }
  ],
  "cloudlets": [
    {
      "id": 1,
      "length": 5000,
      "pesNumber": 2,
      "fileSize": 300,
      "outputSize": 300,
      "utilizationModelCpu": "Full",
      "utilizationModelRam": "Full",
      "utilizationModelBw": "Full",
      "vmId": 1
    },
    {
      "id": 2,
      "length": 5000,
      "pesNumber": 2,
      "fileSize": 300,
      "outputSize": 300,
      "utilizationModelCpu": "Full",
      "utilizationModelRam": "Full",
      "utilizationModelBw": "Full",
      "vmId": 2
    },
    {
      "id": 3,
      "length": 5000,
      "pesNumber": 2,
      "fileSize": 300,
      "outputSize": 300,
      "utilizationModelCpu": "Full",
      "utilizationModelRam": "Full",
      "utilizationModelBw": "Full",
      "vmId": 3
    },
    {
      "id": 4,
      "length": 5000,
      "pesNumber": 2,
      "fileSize": 300,
      "outputSize": 300,
      "utilizationModelCpu": "Full",
      "utilizationModelRam": "Full",
      "utilizationModelBw": "Full",
      "vmId": 4
    },
    {
      "id": 5,
      "length": 5000,
      "pesNumber": 2,
      "fileSize": 300,
      "outputSize": 300,
      "utilizationModelCpu": "Full",
      "utilizationModelRam": "Full",
      "utilizationModelBw": "Full",
      "vmId": 5
    },
    {
      "id": 6,
      "length": 5000,
      "pesNumber": 2,
      "fileSize": 300,
      "outputSize": 300,
      "utilizationModelCpu": "Full",
      "utilizationModelRam": "Full",
      "utilizationModelBw": "Full",
      "vmId": 6
    }
  ]
}