{
  "datacenter": {
    "name": "Datacenter_1",
    "arch": "x86",
    "os": "Linux",
    "vmm": "Xen",
    "cost": 3.0,
    "costPerMem": 0.05,
    "costPerStorage": 0.1,
    "costPerBw": 0.1,
    "physicalMachines": [
      {
        "id": 1,
        "hostType": "HighPerformance",
        "ram": 9216,
        "storage": 20000,
        "bw": 8000,
        "pes": [
          {
            "id": 1,
            "mips": 30000
          },
          {
            "id": 2,
            "mips": 30000
          },
          {
            "id": 3,
            "mips": 30000
          },
          {
            "id": 4,
            "mips": 30000
          }
        ],
        "active": true
      },
      {
        "id": 2,
        "hostType": "Economy",
        "ram": 5120,
        "storage": 10000,
        "bw": 3000,
        "pes": [
          {
            "id": 1,
            "mips": 10000
          },
          {
            "id": 2,
            "mips": 10000
          }
        ],
        "active": true
      }
    ]
  },
  "virtualMachines": [
    {
      "id": 1,
      "userId": 2,
      "mips": 1746,
      "numberOfPes": 2,
      "ram": 1024,
      "bw": 376,
      "size": 4933,
      "vmm": "Xen",
      "hostId": 1,
      "migrate": false
    },
    {
      "id": 2,
      "userId": 3,
      "mips": 687,
      "numberOfPes": 1,
      "ram": 512,
      "bw": 110,
      "size": 4021,
      "vmm": "Xen",
      "hostId": 1,
      "migrate": false
    },
    {
      "id": 3,
      "userId": 4,
      "mips": 1032,
      "numberOfPes": 2,
      "ram": 1024,
      "bw": 433,
      "size": 2527,
      "vmm": "Xen",
      "hostId": 1,
      "migrate": true
    },
    {
      "id": 4,
      "userId": 5,
      "mips": 1399,
      "numberOfPes": 1,
      "ram": 512,
      "bw": 354,
      "size": 2917,
      "vmm": "Xen",
      "hostId": 1,
      "migrate": true
    }
  ],
  "cloudlets": [
    {
      "id": 1,
      "length": 5000,
      "pesNumber": 2,
      "fileSize": 300,
      "outputSize": 300,
      "utilizationModelCpu": "Full",
      "utilizationModelRam": "Full",
      "utilizationModelBw": "Full",
      "vmId": 1
    },
    {
      "id": 2,
      "length": 5000,
      "pesNumber": 2,
      "fileSize": 300,
      "outputSize": 300,
      "utilizationModelCpu": "Full",
      "utilizationModelRam": "Full",
      "utilizationModelBw": "Full",
      "vmId": 2
    },
    {
      "id": 3,
      "length": 5000,
      "pesNumber": 2,
      "fileSize": 300,
      "outputSize": 300,
      "utilizationModelCpu": "Full",
      "utilizationModelRam": "Full",
      "utilizationModelBw": "Full",
      "vmId": 3
    },
    {
      "id": 4,
      "length": 5000,
      "pesNumber": 2,
      "fileSize": 300,
      "outputSize": 300,
      "utilizationModelCpu": "Full",
      "utilizationModelRam": "Full",
      "utilizationModelBw": "Full",
      "vmId": 4
    },
    {
      "id": 5,
      "length": 5000,
      "pesNumber": 2,
      "fileSize": 300,
      "outputSize": 300,
      "utilizationModelCpu": "Full",
      "utilizationModelRam": "Full",
      "utilizationModelBw": "Full",
      "vmId": 5
    },
    {
      "id": 6,
      "length": 5000,
      "pesNumber": 2,
      "fileSize": 300,
      "outputSize": 300,
      "utilizationModelCpu": "Full",
      "utilizationModelRam": "Full",
      "utilizationModelBw": "Full",
      "vmId": 6
    }
  ]
}
