{
  "datacenter": {
    "name": "Datacenter_1",
    "arch": "x86",
    "os": "Linux",
    "vmm": "Xen",
    "cost": 3.0,
    "costPerMem": 0.05,
    "costPerStorage": 0.1,
    "costPerBw": 0.1,
    "physicalMachines": [
      {
        "id": 1,
        "hostType": "Economy",
        "ram": 5120,
        "storage": 10000,
        "bw": 3000,
        "pes": [
          {
            "id": 1,
            "mips": 10000
          },
          {
            "id": 2,
            "mips": 10000
          }
        ],
        "active": true
      },
      {
        "id": 2,
        "hostType": "HighPerformance",
        "ram": 9216,
        "storage": 20000,
        "bw": 8000,
        "pes": [
          {
            "id": 1,
            "mips": 30000
          },
          {
            "id": 2,
            "mips": 30000
          },
          {
            "id": 3,
            "mips": 30000
          },
          {
            "id": 4,
            "mips": 30000
          }
        ],
        "active": true
      },
      {
        "id": 3,
        "hostType": "Economy",
        "ram": 5120,
        "storage": 10000,
        "bw": 3000,
        "pes": [
          {
            "id": 1,
            "mips": 10000
          },
          {
            "id": 2,
            "mips": 10000
          }
        ],
        "active": true
      },
      {
        "id": 4,
        "hostType": "Economy",
        "ram": 5120,
        "storage": 10000,
        "bw": 3000,
        "pes": [
          {
            "id": 1,
            "mips": 10000
          },
          {
            "id": 2,
            "mips": 10000
          }
        ],
        "active": true
      },
      {
        "id": 5,
        "hostType": "HighPerformance",
        "ram": 9216,
        "storage": 20000,
        "bw": 8000,
        "pes": [
          {
            "id": 1,
            "mips": 30000
          },
          {
            "id": 2,
            "mips": 30000
          },
          {
            "id": 3,
            "mips": 30000
          },
          {
            "id": 4,
            "mips": 30000
          }
        ],
        "active": true
      },
      {
        "id": 6,
        "hostType": "HighPerformance",
        "ram": 9216,
        "storage": 20000,
        "bw": 8000,
        "pes": [
          {
            "id": 1,
            "mips": 30000
          },
          {
            "id": 2,
            "mips": 30000
          },
          {
            "id": 3,
            "mips": 30000
          },
          {
            "id": 4,
            "mips": 30000
          }
        ],
        "active": true
      },
      {
        "id": 7,
        "hostType": "HighPerformance",
        "ram": 9216,
        "storage": 20000,
        "bw": 8000,
        "pes": [
          {
            "id": 1,
            "mips": 30000
          },
          {
            "id": 2,
            "mips": 30000
          },
          {
            "id": 3,
            "mips": 30000
          },
          {
            "id": 4,
            "mips": 30000
          }
        ],
        "active": true
      },
      {
        "id": 8,
        "hostType": "Economy",
        "ram": 5120,
        "storage": 10000,
        "bw": 3000,
        "pes": [
          {
            "id": 1,
            "mips": 10000
          },
          {
            "id": 2,
            "mips": 10000
          }
        ],
        "active": true
      },
      {
        "id": 9,
        "hostType": "Standard",
        "ram": 6144,
        "storage": 15000,
        "bw": 5000,
        "pes": [
          {
            "id": 1,
            "mips": 20000
          },
          {
            "id": 2,
            "mips": 20000
          },
          {
            "id": 3,
            "mips": 20000
          },
          {
            "id": 4,
            "mips": 20000
          }
        ],
        "active": true
      },
      {
        "id": 10,
        "hostType": "Standard",
        "ram": 6144,
        "storage": 15000,
        "bw": 5000,
        "pes": [
          {
            "id": 1,
            "mips": 20000
          },
          {
            "id": 2,
            "mips": 20000
          },
          {
            "id": 3,
            "mips": 20000
          },
          {
            "id": 4,
            "mips": 20000
          }
        ],
        "active": true
      }
    ]
  },
  "virtualMachines": [
    {
      "id": 1,
      "userId": 2,
      "mips": 1093,
      "numberOfPes": 2,
      "ram": 1024,
      "bw": 415,
      "size": 4522,
      "vmm": "Xen",
      "hostId": 2,
      "migrate": false
    },
    {
      "id": 2,
      "userId": 3,
      "mips": 1484,
      "numberOfPes": 1,
      "ram": 512,
      "bw": 514,
      "size": 3481,
      "vmm": "Xen",
      "hostId": 4,
      "migrate": false
    },
    {
      "id": 3,
      "userId": 4,
      "mips": 1167,
      "numberOfPes": 1,
      "ram": 512,
      "bw": 560,
      "size": 2367,
      "vmm": "Xen",
      "hostId": 4,
      "migrate": false
    },
    {
      "id": 4,
      "userId": 5,
      "mips": 551,
      "numberOfPes": 1,
      "ram": 512,
      "bw": 507,
      "size": 1856,
      "vmm": "Xen",
      "hostId": 2,
      "migrate": true
    },
    {
      "id": 5,
      "userId": 6,
      "mips": 1267,
      "numberOfPes": 1,
      "ram": 512,
      "bw": 137,
      "size": 3575,
      "vmm": "Xen",
      "hostId": 5,
      "migrate": false
    },
    {
      "id": 6,
      "userId": 7,
      "mips": 1544,
      "numberOfPes": 1,
      "ram": 512,
      "bw": 380,
      "size": 3136,
      "vmm": "Xen",
      "hostId": 6,
      "migrate": false
    },
    {
      "id": 7,
      "userId": 8,
      "mips": 1420,
      "numberOfPes": 2,
      "ram": 1024,
      "bw": 146,
      "size": 4513,
      "vmm": "Xen",
      "hostId": 2,
      "migrate": false
    },
    {
      "id": 8,
      "userId": 9,
      "mips": 592,
      "numberOfPes": 2,
      "ram": 1024,
      "bw": 273,
      "size": 3114,
      "vmm": "Xen",
      "hostId": 1,
      "migrate": true
    },
    {
      "id": 9,
      "userId": 10,
      "mips": 1459,
      "numberOfPes": 2,
      "ram": 1024,
      "bw": 483,
      "size": 4012,
      "vmm": "Xen",
      "hostId": 9,
      "migrate": true
    },
    {
      "id": 10,
      "userId": 1,
      "mips": 555,
      "numberOfPes": 1,
      "ram": 512,
      "bw": 327,
      "size": 4610,
      "vmm": "Xen",
      "hostId": 9,
      "migrate": false
    },
    {
      "id": 11,
      "userId": 2,
      "mips": 1159,
      "numberOfPes": 2,
      "ram": 1024,
      "bw": 478,
      "size": 1790,
      "vmm": "Xen",
      "hostId": 8,
      "migrate": false
    },
    {
      "id": 12,
      "userId": 3,
      "mips": 632,
      "numberOfPes": 1,
      "ram": 512,
      "bw": 424,
      "size": 3308,
      "vmm": "Xen",
      "hostId": 5,
      "migrate": true
    },
    {
      "id": 13,
      "userId": 4,
      "mips": 532,
      "numberOfPes": 2,
      "ram": 1024,
      "bw": 462,
      "size": 4587,
      "vmm": "Xen",
      "hostId": 9,
      "migrate": false
    },
    {
      "id": 14,
      "userId": 5,
      "mips": 1848,
      "numberOfPes": 2,
      "ram": 1024,
      "bw": 339,
      "size": 1714,
      "vmm": "Xen",
      "hostId": 3,
      "migrate": false
    },
    {
      "id": 15,
      "userId": 6,
      "mips": 1623,
      "numberOfPes": 2,
      "ram": 1024,
      "bw": 344,
      "size": 1609,
      "vmm": "Xen",
      "hostId": 3,
      "migrate": false
    },
    {
      "id": 16,
      "userId": 7,
      "mips": 1147,
      "numberOfPes": 1,
      "ram": 512,
      "bw": 126,
      "size": 2852,
      "vmm": "Xen",
      "hostId": 5,
      "migrate": false
    },
    {
      "id": 17,
      "userId": 8,
      "mips": 1140,
      "numberOfPes": 1,
      "ram": 512,
      "bw": 229,
      "size": 4456,
      "vmm": "Xen",
      "hostId": 6,
      "migrate": true
    },
    {
      "id": 18,
      "userId": 9,
      "mips": 941,
      "numberOfPes": 2,
      "ram": 1024,
      "bw": 332,
      "size": 2375,
      "vmm": "Xen",
      "hostId": 5,
      "migrate": true
    },
    {
      "id": 19,
      "userId": 10,
      "mips": 1471,
      "numberOfPes": 2,
      "ram": 1024,
      "bw": 244,
      "size": 2630,
      "vmm": "Xen",
      "hostId": 4,
      "migrate": false
    },
    {
      "id": 20,
      "userId": 1,
      "mips": 1384,
      "numberOfPes": 2,
      "ram": 1024,
      "bw": 481,
      "size": 1233,
      "vmm": "Xen",
      "hostId": 6,
      "migrate": false
    },
    {
      "id": 21,
      "userId": 2,
      "mips": 1019,
      "numberOfPes": 2,
      "ram": 1024,
      "bw": 312,
      "size": 1064,
      "vmm": "Xen",
      "hostId": 3,
      "migrate": true
    },
    {
      "id": 22,
      "userId": 3,
      "mips": 810,
      "numberOfPes": 2,
      "ram": 1024,
      "bw": 405,
      "size": 4216,
      "vmm": "Xen",
      "hostId": 8,
      "migrate": false
    },
    {
      "id": 23,
      "userId": 4,
      "mips": 1845,
      "numberOfPes": 1,
      "ram": 512,
      "bw": 482,
      "size": 3596,
      "vmm": "Xen",
      "hostId": 3,
      "migrate": false
    },
    {
      "id": 24,
      "userId": 5,
      "mips": 1801,
      "numberOfPes": 1,
      "ram": 512,
      "bw": 582,
      "size": 4820,
      "vmm": "Xen",
      "hostId": 7,
      "migrate": true
    },
    {
      "id": 25,
      "userId": 6,
      "mips": 1458,
      "numberOfPes": 2,
      "ram": 1024,
      "bw": 129,
      "size": 4355,
      "vmm": "Xen",
      "hostId": 2,
      "migrate": true
    },
    {
      "id": 26,
      "userId": 7,
      "mips": 978,
      "numberOfPes": 1,
      "ram": 512,
      "bw": 459,
      "size": 1473,
      "vmm": "Xen",
      "hostId": 1,
      "migrate": false
    },
    {
      "id": 27,
      "userId": 8,
      "mips": 553,
      "numberOfPes": 2,
      "ram": 1024,
      "bw": 139,
      "size": 4388,
      "vmm": "Xen",
      "hostId": 5,
      "migrate": true
    },
    {
      "id": 28,
      "userId": 9,
      "mips": 1708,
      "numberOfPes": 1,
      "ram": 512,
      "bw": 571,
      "size": 3247,
      "vmm": "Xen",
      "hostId": 10,
      "migrate": true
    },
    {
      "id": 29,
      "userId": 10,
      "mips": 532,
      "numberOfPes": 2,
      "ram": 1024,
      "bw": 270,
      "size": 4675,
      "vmm": "Xen",
      "hostId": 8,
      "migrate": true
    },
    {
      "id": 30,
      "userId": 1,
      "mips": 1520,
      "numberOfPes": 1,
      "ram": 512,
      "bw": 382,
      "size": 3134,
      "vmm": "Xen",
      "hostId": 2,
      "migrate": false
    }
  ],
  "cloudlets": [
    {
      "id": 1,
      "length": 5000,
      "pesNumber": 2,
      "fileSize": 300,
      "outputSize": 300,
      "utilizationModelCpu": "Full",
      "utilizationModelRam": "Full",
      "utilizationModelBw": "Full",
      "vmId": 1
    },
    {
      "id": 2,
      "length": 5000,
      "pesNumber": 2,
      "fileSize": 300,
      "outputSize": 300,
      "utilizationModelCpu": "Full",
      "utilizationModelRam": "Full",
      "utilizationModelBw": "Full",
      "vmId": 2
    },
    {
      "id": 3,
      "length": 5000,
      "pesNumber": 2,
      "fileSize": 300,
      "outputSize": 300,
      "utilizationModelCpu": "Full",
      "utilizationModelRam": "Full",
      "utilizationModelBw": "Full",
      "vmId": 3
    },
    {
      "id": 4,
      "length": 5000,
      "pesNumber": 2,
      "fileSize": 300,
      "outputSize": 300,
      "utilizationModelCpu": "Full",
      "utilizationModelRam": "Full",
      "utilizationModelBw": "Full",
      "vmId": 4
    },
    {
      "id": 5,
      "length": 5000,
      "pesNumber": 2,
      "fileSize": 300,
      "outputSize": 300,
      "utilizationModelCpu": "Full",
      "utilizationModelRam": "Full",
      "utilizationModelBw": "Full",
      "vmId": 5
    },
    {
      "id": 6,
      "length": 5000,
      "pesNumber": 2,
      "fileSize": 300,
      "outputSize": 300,
      "utilizationModelCpu": "Full",
      "utilizationModelRam": "Full",
      "utilizationModelBw": "Full",
      "vmId": 6
    },
    {
      "id": 7,
      "length": 5000,
      "pesNumber": 2,
      "fileSize": 300,
      "outputSize": 300,
      "utilizationModelCpu": "Full",
      "utilizationModelRam": "Full",
      "utilizationModelBw": "Full",
      "vmId": 7
    },
    {
      "id": 8,
      "length": 5000,
      "pesNumber": 2,
      "fileSize": 300,
      "outputSize": 300,
      "utilizationModelCpu": "Full",
      "utilizationModelRam": "Full",
      "utilizationModelBw": "Full",
      "vmId": 8
    },
    {
      "id": 9,
      "length": 5000,
      "pesNumber": 2,
      "fileSize": 300,
      "outputSize": 300,
      "utilizationModelCpu": "Full",
      "utilizationModelRam": "Full",
      "utilizationModelBw": "Full",
      "vmId": 9
    },
    {
      "id": 10,
      "length": 5000,
      "pesNumber": 2,
      "fileSize": 300,
      "outputSize": 300,
      "utilizationModelCpu": "Full",
      "utilizationModelRam": "Full",
      "utilizationModelBw": "Full",
      "vmId": 10
    },
    {
      "id": 11,
      "length": 5000,
      "pesNumber": 2,
      "fileSize": 300,
      "outputSize": 300,
      "utilizationModelCpu": "Full",
      "utilizationModelRam": "Full",
      "utilizationModelBw": "Full",
      "vmId": 11
    },
    {
      "id": 12,
      "length": 5000,
      "pesNumber": 2,
      "fileSize": 300,
      "outputSize": 300,
      "utilizationModelCpu": "Full",
      "utilizationModelRam": "Full",
      "utilizationModelBw": "Full",
      "vmId": 12
    },
    {
      "id": 13,
      "length": 5000,
      "pesNumber": 2,
      "fileSize": 300,
      "outputSize": 300,
      "utilizationModelCpu": "Full",
      "utilizationModelRam": "Full",
      "utilizationModelBw": "Full",
      "vmId": 13
    },
    {
      "id": 14,
      "length": 5000,
      "pesNumber": 2,
      "fileSize": 300,
      "outputSize": 300,
      "utilizationModelCpu": "Full",
      "utilizationModelRam": "Full",
      "utilizationModelBw": "Full",
      "vmId": 14
    },
    {
      "id": 15,
      "length": 5000,
      "pesNumber": 2,
      "fileSize": 300,
      "outputSize": 300,
      "utilizationModelCpu": "Full",
      "utilizationModelRam": "Full",
      "utilizationModelBw": "Full",
      "vmId": 15
    },
    {
      "id": 16,
      "length": 5000,
      "pesNumber": 2,
      "fileSize": 300,
      "outputSize": 300,
      "utilizationModelCpu": "Full",
      "utilizationModelRam": "Full",
      "utilizationModelBw": "Full",
      "vmId": 16
    },
    {
      "id": 17,
      "length": 5000,
      "pesNumber": 2,
      "fileSize": 300,
      "outputSize": 300,
      "utilizationModelCpu": "Full",
      "utilizationModelRam": "Full",
      "utilizationModelBw": "Full",
      "vmId": 17
    },
    {
      "id": 18,
      "length": 5000,
      "pesNumber": 2,
      "fileSize": 300,
      "outputSize": 300,
      "utilizationModelCpu": "Full",
      "utilizationModelRam": "Full",
      "utilizationModelBw": "Full",
      "vmId": 18
    },
    {
      "id": 19,
      "length": 5000,
      "pesNumber": 2,
      "fileSize": 300,
      "outputSize": 300,
      "utilizationModelCpu": "Full",
      "utilizationModelRam": "Full",
      "utilizationModelBw": "Full",
      "vmId": 19
    },
    {
      "id": 20,
      "length": 5000,
      "pesNumber": 2,
      "fileSize": 300,
      "outputSize": 300,
      "utilizationModelCpu": "Full",
      "utilizationModelRam": "Full",
      "utilizationModelBw": "Full",
      "vmId": 20
    },
    {
      "id": 21,
      "length": 5000,
      "pesNumber": 2,
      "fileSize": 300,
      "outputSize": 300,
      "utilizationModelCpu": "Full",
      "utilizationModelRam": "Full",
      "utilizationModelBw": "Full",
      "vmId": 21
    },
    {
      "id": 22,
      "length": 5000,
      "pesNumber": 2,
      "fileSize": 300,
      "outputSize": 300,
      "utilizationModelCpu": "Full",
      "utilizationModelRam": "Full",
      "utilizationModelBw": "Full",
      "vmId": 22
    },
    {
      "id": 23,
      "length": 5000,
      "pesNumber": 2,
      "fileSize": 300,
      "outputSize": 300,
      "utilizationModelCpu": "Full",
      "utilizationModelRam": "Full",
      "utilizationModelBw": "Full",
      "vmId": 23
    },
    {
      "id": 24,
      "length": 5000,
      "pesNumber": 2,
      "fileSize": 300,
      "outputSize": 300,
      "utilizationModelCpu": "Full",
      "utilizationModelRam": "Full",
      "utilizationModelBw": "Full",
      "vmId": 24
    },
    {
      "id": 25,
      "length": 5000,
      "pesNumber": 2,
      "fileSize": 300,
      "outputSize": 300,
      "utilizationModelCpu": "Full",
      "utilizationModelRam": "Full",
      "utilizationModelBw": "Full",
      "vmId": 25
    },
    {
      "id": 26,
      "length": 5000,
      "pesNumber": 2,
      "fileSize": 300,
      "outputSize": 300,
      "utilizationModelCpu": "Full",
      "utilizationModelRam": "Full",
      "utilizationModelBw": "Full",
      "vmId": 26
    },
    {
      "id": 27,
      "length": 5000,
      "pesNumber": 2,
      "fileSize": 300,
      "outputSize": 300,
      "utilizationModelCpu": "Full",
      "utilizationModelRam": "Full",
      "utilizationModelBw": "Full",
      "vmId": 27
    },
    {
      "id": 28,
      "length": 5000,
      "pesNumber": 2,
      "fileSize": 300,
      "outputSize": 300,
      "utilizationModelCpu": "Full",
      "utilizationModelRam": "Full",
      "utilizationModelBw": "Full",
      "vmId": 28
    },
    {
      "id": 29,
      "length": 5000,
      "pesNumber": 2,
      "fileSize": 300,
      "outputSize": 300,
      "utilizationModelCpu": "Full",
      "utilizationModelRam": "Full",
      "utilizationModelBw": "Full",
      "vmId": 29
    },
    {
      "id": 30,
      "length": 5000,
      "pesNumber": 2,
      "fileSize": 300,
      "outputSize": 300,
      "utilizationModelCpu": "Full",
      "utilizationModelRam": "Full",
      "utilizationModelBw": "Full",
      "vmId": 30
    }
  ]
}