{
  "datacenter": {
    "name": "Datacenter_1",
    "arch": "x86",
    "os": "Linux",
    "vmm": "Xen",
    "cost": 3.0,
    "costPerMem": 0.05,
    "costPerStorage": 0.1,
    "costPerBw": 0.1,
    "physicalMachines": [
      {
        "id": 1,
        "hostType": "Standard",
        "ram": 196608,
        "storage": 200000000,
        "bw": 120000,
        "pes": [
          {
            "id": 1,
            "mips": 20000
          },
          {
            "id": 2,
            "mips": 20000
          },
          {
            "id": 3,
            "mips": 20000
          },
          {
            "id": 4,
            "mips": 20000
          }
        ]
      },
      {
        "id": 2,
        "hostType": "HighPerformance",
        "ram": 131072,
        "storage": 4000000,
        "bw": 120000,
        "pes": [
          {
            "id": 1,
            "mips": 30000
          },
          {
            "id": 2,
            "mips": 30000
          },
          {
            "id": 3,
            "mips": 30000
          },
          {
            "id": 4,
            "mips": 30000
          }
        ]
      },
      {
        "id": 3,
        "hostType": "Economy",
        "ram": 131072,
        "storage": 100000000,
        "bw": 40000,
        "pes": [
          {
            "id": 1,
            "mips": 10000
          },
          {
            "id": 2,
            "mips": 10000
          }
        ]
      },
      {
        "id": 4,
        "hostType": "Standard",
        "ram": 131072,
        "storage": 200000000,
        "bw": 120000,
        "pes": [
          {
            "id": 1,
            "mips": 20000
          },
          {
            "id": 2,
            "mips": 20000
          },
          {
            "id": 3,
            "mips": 20000
          },
          {
            "id": 4,
            "mips": 20000
          }
        ]
      }
    ]
  },
  "virtualMachines": [
    {
      "id": 1,
      "userId": 2,
      "mips": 2580,
      "numberOfPes": 2,
      "ram": 1024,
      "bw": 340,
      "size": 2009,
      "vmm": "Xen",
      "hostId": 1,
      "migrate": false
    },
    {
      "id": 2,
      "userId": 3,
      "mips": 2770,
      "numberOfPes": 2,
      "ram": 1024,
      "bw": 365,
      "size": 2585,
      "vmm": "Xen",
      "hostId": 4,
      "migrate": true
    },
    {
      "id": 3,
      "userId": 4,
      "mips": 1891,
      "numberOfPes": 1,
      "ram": 512,
      "bw": 593,
      "size": 1812,
      "vmm": "Xen",
      "hostId": 1,
      "migrate": false
    },
    {
      "id": 4,
      "userId": 5,
      "mips": 2967,
      "numberOfPes": 2,
      "ram": 1024,
      "bw": 685,
      "size": 6130,
      "vmm": "Xen",
      "hostId": 3,
      "migrate": false
    },
    {
      "id": 5,
      "userId": 6,
      "mips": 2523,
      "numberOfPes": 1,
      "ram": 512,
      "bw": 325,
      "size": 2150,
      "vmm": "Xen",
      "hostId": 2,
      "migrate": false
    },
    {
      "id": 6,
      "userId": 7,
      "mips": 2092,
      "numberOfPes": 2,
      "ram": 1024,
      "bw": 550,
      "size": 5461,
      "vmm": "Xen",
      "hostId": 3,
      "migrate": false
    },
    {
      "id": 7,
      "userId": 8,
      "mips": 2921,
      "numberOfPes": 2,
      "ram": 1024,
      "bw": 329,
      "size": 2457,
      "vmm": "Xen",
      "hostId": 4,
      "migrate": true
    },
    {
      "id": 8,
      "userId": 9,
      "mips": 1649,
      "numberOfPes": 1,
      "ram": 512,
      "bw": 609,
      "size": 4524,
      "vmm": "Xen",
      "hostId": 4,
      "migrate": true
    },
    {
      "id": 9,
      "userId": 10,
      "mips": 1790,
      "numberOfPes": 2,
      "ram": 1024,
      "bw": 496,
      "size": 8815,
      "vmm": "Xen",
      "hostId": 1,
      "migrate": true
    },
    {
      "id": 10,
      "userId": 1,
      "mips": 1815,
      "numberOfPes": 1,
      "ram": 512,
      "bw": 556,
      "size": 1038,
      "vmm": "Xen",
      "hostId": 4,
      "migrate": true
    },
    {
      "id": 11,
      "userId": 2,
      "mips": 1514,
      "numberOfPes": 1,
      "ram": 512,
      "bw": 275,
      "size": 5557,
      "vmm": "Xen",
      "hostId": 2,
      "migrate": false
    },
    {
      "id": 12,
      "userId": 3,
      "mips": 1826,
      "numberOfPes": 1,
      "ram": 512,
      "bw": 445,
      "size": 8479,
      "vmm": "Xen",
      "hostId": 1,
      "migrate": true
    }
  ],
  "cloudlets": [
    {
      "id": 1,
      "length": 5000,
      "pesNumber": 2,
      "fileSize": 300,
      "outputSize": 300,
      "utilizationModelCpu": "Full",
      "utilizationModelRam": "Full",
      "utilizationModelBw": "Full",
      "vmId": 1
    },
    {
      "id": 2,
      "length": 5000,
      "pesNumber": 2,
      "fileSize": 300,
      "outputSize": 300,
      "utilizationModelCpu": "Full",
      "utilizationModelRam": "Full",
      "utilizationModelBw": "Full",
      "vmId": 2
    },
    {
      "id": 3,
      "length": 5000,
      "pesNumber": 2,
      "fileSize": 300,
      "outputSize": 300,
      "utilizationModelCpu": "Full",
      "utilizationModelRam": "Full",
      "utilizationModelBw": "Full",
      "vmId": 3
    },
    {
      "id": 4,
      "length": 5000,
      "pesNumber": 2,
      "fileSize": 300,
      "outputSize": 300,
      "utilizationModelCpu": "Full",
      "utilizationModelRam": "Full",
      "utilizationModelBw": "Full",
      "vmId": 4
    },
    {
      "id": 5,
      "length": 5000,
      "pesNumber": 2,
      "fileSize": 300,
      "outputSize": 300,
      "utilizationModelCpu": "Full",
      "utilizationModelRam": "Full",
      "utilizationModelBw": "Full",
      "vmId": 5
    },
    {
      "id": 6,
      "length": 5000,
      "pesNumber": 2,
      "fileSize": 300,
      "outputSize": 300,
      "utilizationModelCpu": "Full",
      "utilizationModelRam": "Full",
      "utilizationModelBw": "Full",
      "vmId": 6
    },
    {
      "id": 7,
      "length": 5000,
      "pesNumber": 2,
      "fileSize": 300,
      "outputSize": 300,
      "utilizationModelCpu": "Full",
      "utilizationModelRam": "Full",
      "utilizationModelBw": "Full",
      "vmId": 7
    },
    {
      "id": 8,
      "length": 5000,
      "pesNumber": 2,
      "fileSize": 300,
      "outputSize": 300,
      "utilizationModelCpu": "Full",
      "utilizationModelRam": "Full",
      "utilizationModelBw": "Full",
      "vmId": 8
    },
    {
      "id": 9,
      "length": 5000,
      "pesNumber": 2,
      "fileSize": 300,
      "outputSize": 300,
      "utilizationModelCpu": "Full",
      "utilizationModelRam": "Full",
      "utilizationModelBw": "Full",
      "vmId": 9
    },
    {
      "id": 10,
      "length": 5000,
      "pesNumber": 2,
      "fileSize": 300,
      "outputSize": 300,
      "utilizationModelCpu": "Full",
      "utilizationModelRam": "Full",
      "utilizationModelBw": "Full",
      "vmId": 10
    },
    {
      "id": 11,
      "length": 5000,
      "pesNumber": 2,
      "fileSize": 300,
      "outputSize": 300,
      "utilizationModelCpu": "Full",
      "utilizationModelRam": "Full",
      "utilizationModelBw": "Full",
      "vmId": 11
    },
    {
      "id": 12,
      "length": 5000,
      "pesNumber": 2,
      "fileSize": 300,
      "outputSize": 300,
      "utilizationModelCpu": "Full",
      "utilizationModelRam": "Full",
      "utilizationModelBw": "Full",
      "vmId": 12
    }
  ]
}