{
  "datacenter": {
    "name": "Datacenter_1",
    "arch": "x86",
    "os": "Linux",
    "vmm": "Xen",
    "cost": 3.0,
    "costPerMem": 0.05,
    "costPerStorage": 0.1,
    "costPerBw": 0.1,
    "physicalMachines": [
      {
        "id": 1,
        "hostType": "Economy",
        "ram": 131072,
        "storage": 100000000,
        "bw": 40000,
        "pes": [
          {
            "id": 1,
            "mips": 10000
          },
          {
            "id": 2,
            "mips": 10000
          }
        ]
      },
      {
        "id": 2,
        "hostType": "Economy",
        "ram": 65536,
        "storage": 100000000,
        "bw": 120000,
        "pes": [
          {
            "id": 1,
            "mips": 10000
          },
          {
            "id": 2,
            "mips": 10000
          }
        ]
      }
    ]
  },
  "virtualMachines": [
    {
      "id": 1,
      "userId": 2,
      "mips": 2675,
      "numberOfPes": 2,
      "ram": 1024,
      "bw": 613,
      "size": 3724,
      "vmm": "Xen",
      "hostId": 1,
      "migrate": true
    },
    {
      "id": 2,
      "userId": 3,
      "mips": 2365,
      "numberOfPes": 2,
      "ram": 1024,
      "bw": 526,
      "size": 6137,
      "vmm": "Xen",
      "hostId": 1,
      "migrate": true
    },
    {
      "id": 3,
      "userId": 4,
      "mips": 1199,
      "numberOfPes": 2,
      "ram": 1024,
      "bw": 491,
      "size": 2408,
      "vmm": "Xen",
      "hostId": 1,
      "migrate": true
    },
    {
      "id": 4,
      "userId": 5,
      "mips": 1794,
      "numberOfPes": 1,
      "ram": 512,
      "bw": 614,
      "size": 6278,
      "vmm": "Xen",
      "hostId": 1,
      "migrate": true
    }
  ],
  "cloudlets": [
    {
      "id": 1,
      "length": 5000,
      "pesNumber": 2,
      "fileSize": 300,
      "outputSize": 300,
      "utilizationModelCpu": "Full",
      "utilizationModelRam": "Full",
      "utilizationModelBw": "Full",
      "vmId": 1
    },
    {
      "id": 2,
      "length": 5000,
      "pesNumber": 2,
      "fileSize": 300,
      "outputSize": 300,
      "utilizationModelCpu": "Full",
      "utilizationModelRam": "Full",
      "utilizationModelBw": "Full",
      "vmId": 2
    },
    {
      "id": 3,
      "length": 5000,
      "pesNumber": 2,
      "fileSize": 300,
      "outputSize": 300,
      "utilizationModelCpu": "Full",
      "utilizationModelRam": "Full",
      "utilizationModelBw": "Full",
      "vmId": 3
    },
    {
      "id": 4,
      "length": 5000,
      "pesNumber": 2,
      "fileSize": 300,
      "outputSize": 300,
      "utilizationModelCpu": "Full",
      "utilizationModelRam": "Full",
      "utilizationModelBw": "Full",
      "vmId": 4
    }
  ]
}