{
  "datacenter": {
    "name": "Datacenter_1",
    "arch": "x86",
    "os": "Linux",
    "vmm": "Xen",
    "cost": 3.0,
    "costPerMem": 0.05,
    "costPerStorage": 0.1,
    "costPerBw": 0.1,
    "physicalMachines": [
      {
        "id": 1,
        "hostType": "Economy",
        "ram": 5120,
        "storage": 10000,
        "bw": 3000,
        "pes": [
          {
            "id": 1,
            "mips": 10000
          },
          {
            "id": 2,
            "mips": 10000
          }
        ],
        "active": true
      },
      {
        "id": 2,
        "hostType": "Standard",
        "ram": 6144,
        "storage": 15000,
        "bw": 5000,
        "pes": [
          {
            "id": 1,
            "mips": 20000
          },
          {
            "id": 2,
            "mips": 20000
          },
          {
            "id": 3,
            "mips": 20000
          },
          {
            "id": 4,
            "mips": 20000
          }
        ],
        "active": true
      },
      {
        "id": 3,
        "hostType": "Standard",
        "ram": 6144,
        "storage": 15000,
        "bw": 5000,
        "pes": [
          {
            "id": 1,
            "mips": 20000
          },
          {
            "id": 2,
            "mips": 20000
          },
          {
            "id": 3,
            "mips": 20000
          },
          {
            "id": 4,
            "mips": 20000
          }
        ],
        "active": true
      },
      {
        "id": 4,
        "hostType": "Standard",
        "ram": 6144,
        "storage": 15000,
        "bw": 5000,
        "pes": [
          {
            "id": 1,
            "mips": 20000
          },
          {
            "id": 2,
            "mips": 20000
          },
          {
            "id": 3,
            "mips": 20000
          },
          {
            "id": 4,
            "mips": 20000
          }
        ],
        "active": true
      },
      {
        "id": 5,
        "hostType": "HighPerformance",
        "ram": 9216,
        "storage": 20000,
        "bw": 8000,
        "pes": [
          {
            "id": 1,
            "mips": 30000
          },
          {
            "id": 2,
            "mips": 30000
          },
          {
            "id": 3,
            "mips": 30000
          },
          {
            "id": 4,
            "mips": 30000
          }
        ],
        "active": true
      }
    ]
  },
  "virtualMachines": [
    {
      "id": 1,
      "userId": 2,
      "mips": 574,
      "numberOfPes": 2,
      "ram": 1024,
      "bw": 372,
      "size": 3621,
      "vmm": "Xen",
      "hostId": 2,
      "migrate": false
    },
    {
      "id": 2,
      "userId": 3,
      "mips": 1131,
      "numberOfPes": 1,
      "ram": 512,
      "bw": 187,
      "size": 2493,
      "vmm": "Xen",
      "hostId": 3,
      "migrate": true
    },
    {
      "id": 3,
      "userId": 4,
      "mips": 823,
      "numberOfPes": 1,
      "ram": 512,
      "bw": 159,
      "size": 1228,
      "vmm": "Xen",
      "hostId": 1,
      "migrate": false
    },
    {
      "id": 4,
      "userId": 5,
      "mips": 1965,
      "numberOfPes": 1,
      "ram": 512,
      "bw": 478,
      "size": 4117,
      "vmm": "Xen",
      "hostId": 4,
      "migrate": false
    },
    {
      "id": 5,
      "userId": 6,
      "mips": 713,
      "numberOfPes": 1,
      "ram": 512,
      "bw": 280,
      "size": 2963,
      "vmm": "Xen",
      "hostId": 5,
      "migrate": false
    },
    {
      "id": 6,
      "userId": 7,
      "mips": 1331,
      "numberOfPes": 1,
      "ram": 512,
      "bw": 380,
      "size": 1859,
      "vmm": "Xen",
      "hostId": 2,
      "migrate": true
    },
    {
      "id": 7,
      "userId": 8,
      "mips": 1688,
      "numberOfPes": 2,
      "ram": 1024,
      "bw": 403,
      "size": 3748,
      "vmm": "Xen",
      "hostId": 1,
      "migrate": true
    },
    {
      "id": 8,
      "userId": 9,
      "mips": 996,
      "numberOfPes": 2,
      "ram": 1024,
      "bw": 263,
      "size": 3882,
      "vmm": "Xen",
      "hostId": 4,
      "migrate": false
    },
    {
      "id": 9,
      "userId": 10,
      "mips": 1905,
      "numberOfPes": 1,
      "ram": 512,
      "bw": 471,
      "size": 1993,
      "vmm": "Xen",
      "hostId": 1,
      "migrate": false
    },
    {
      "id": 10,
      "userId": 1,
      "mips": 1954,
      "numberOfPes": 2,
      "ram": 1024,
      "bw": 368,
      "size": 2610,
      "vmm": "Xen",
      "hostId": 5,
      "migrate": true
    },
    {
      "id": 11,
      "userId": 2,
      "mips": 770,
      "numberOfPes": 1,
      "ram": 512,
      "bw": 281,
      "size": 4778,
      "vmm": "Xen",
      "hostId": 2,
      "migrate": false
    },
    {
      "id": 12,
      "userId": 3,
      "mips": 1445,
      "numberOfPes": 2,
      "ram": 1024,
      "bw": 466,
      "size": 1438,
      "vmm": "Xen",
      "hostId": 2,
      "migrate": false
    },
    {
      "id": 13,
      "userId": 4,
      "mips": 1940,
      "numberOfPes": 2,
      "ram": 1024,
      "bw": 467,
      "size": 4230,
      "vmm": "Xen",
      "hostId": 4,
      "migrate": false
    },
    {
      "id": 14,
      "userId": 5,
      "mips": 1677,
      "numberOfPes": 2,
      "ram": 1024,
      "bw": 175,
      "size": 1014,
      "vmm": "Xen",
      "hostId": 4,
      "migrate": false
    },
    {
      "id": 15,
      "userId": 6,
      "mips": 663,
      "numberOfPes": 2,
      "ram": 1024,
      "bw": 409,
      "size": 1625,
      "vmm": "Xen",
      "hostId": 3,
      "migrate": true
    }
  ],
  "cloudlets": [
    {
      "id": 1,
      "length": 5000,
      "pesNumber": 2,
      "fileSize": 300,
      "outputSize": 300,
      "utilizationModelCpu": "Full",
      "utilizationModelRam": "Full",
      "utilizationModelBw": "Full",
      "vmId": 1
    },
    {
      "id": 2,
      "length": 5000,
      "pesNumber": 2,
      "fileSize": 300,
      "outputSize": 300,
      "utilizationModelCpu": "Full",
      "utilizationModelRam": "Full",
      "utilizationModelBw": "Full",
      "vmId": 2
    },
    {
      "id": 3,
      "length": 5000,
      "pesNumber": 2,
      "fileSize": 300,
      "outputSize": 300,
      "utilizationModelCpu": "Full",
      "utilizationModelRam": "Full",
      "utilizationModelBw": "Full",
      "vmId": 3
    },
    {
      "id": 4,
      "length": 5000,
      "pesNumber": 2,
      "fileSize": 300,
      "outputSize": 300,
      "utilizationModelCpu": "Full",
      "utilizationModelRam": "Full",
      "utilizationModelBw": "Full",
      "vmId": 4
    },
    {
      "id": 5,
      "length": 5000,
      "pesNumber": 2,
      "fileSize": 300,
      "outputSize": 300,
      "utilizationModelCpu": "Full",
      "utilizationModelRam": "Full",
      "utilizationModelBw": "Full",
      "vmId": 5
    },
    {
      "id": 6,
      "length": 5000,
      "pesNumber": 2,
      "fileSize": 300,
      "outputSize": 300,
      "utilizationModelCpu": "Full",
      "utilizationModelRam": "Full",
      "utilizationModelBw": "Full",
      "vmId": 6
    },
    {
      "id": 7,
      "length": 5000,
      "pesNumber": 2,
      "fileSize": 300,
      "outputSize": 300,
      "utilizationModelCpu": "Full",
      "utilizationModelRam": "Full",
      "utilizationModelBw": "Full",
      "vmId": 7
    },
    {
      "id": 8,
      "length": 5000,
      "pesNumber": 2,
      "fileSize": 300,
      "outputSize": 300,
      "utilizationModelCpu": "Full",
      "utilizationModelRam": "Full",
      "utilizationModelBw": "Full",
      "vmId": 8
    },
    {
      "id": 9,
      "length": 5000,
      "pesNumber": 2,
      "fileSize": 300,
      "outputSize": 300,
      "utilizationModelCpu": "Full",
      "utilizationModelRam": "Full",
      "utilizationModelBw": "Full",
      "vmId": 9
    },
    {
      "id": 10,
      "length": 5000,
      "pesNumber": 2,
      "fileSize": 300,
      "outputSize": 300,
      "utilizationModelCpu": "Full",
      "utilizationModelRam": "Full",
      "utilizationModelBw": "Full",
      "vmId": 10
    },
    {
      "id": 11,
      "length": 5000,
      "pesNumber": 2,
      "fileSize": 300,
      "outputSize": 300,
      "utilizationModelCpu": "Full",
      "utilizationModelRam": "Full",
      "utilizationModelBw": "Full",
      "vmId": 11
    },
    {
      "id": 12,
      "length": 5000,
      "pesNumber": 2,
      "fileSize": 300,
      "outputSize": 300,
      "utilizationModelCpu": "Full",
      "utilizationModelRam": "Full",
      "utilizationModelBw": "Full",
      "vmId": 12
    },
    {
      "id": 13,
      "length": 5000,
      "pesNumber": 2,
      "fileSize": 300,
      "outputSize": 300,
      "utilizationModelCpu": "Full",
      "utilizationModelRam": "Full",
      "utilizationModelBw": "Full",
      "vmId": 13
    },
    {
      "id": 14,
      "length": 5000,
      "pesNumber": 2,
      "fileSize": 300,
      "outputSize": 300,
      "utilizationModelCpu": "Full",
      "utilizationModelRam": "Full",
      "utilizationModelBw": "Full",
      "vmId": 14
    },
    {
      "id": 15,
      "length": 5000,
      "pesNumber": 2,
      "fileSize": 300,
      "outputSize": 300,
      "utilizationModelCpu": "Full",
      "utilizationModelRam": "Full",
      "utilizationModelBw": "Full",
      "vmId": 15
    }
  ]
}