{
  "datacenter": {
    "name": "Datacenter_1",
    "arch": "x86",
    "os": "Linux",
    "vmm": "Xen",
    "cost": 3.0,
    "costPerMem": 0.05,
    "costPerStorage": 0.1,
    "costPerBw": 0.1,
    "physicalMachines": [
      {
        "id": 1,
        "hostType": "Standard",
        "ram": 32768000,
        "storage": 200000000,
        "bw": 10000000,
        "pes": [
          {
            "id": 1,
            "mips": 20000
          },
          {
            "id": 2,
            "mips": 20000
          },
          {
            "id": 3,
            "mips": 20000
          },
          {
            "id": 4,
            "mips": 20000
          }
        ]
      },
      {
        "id": 2,
        "hostType": "HighPerformance",
        "ram": 65536,
        "storage": 4000000,
        "bw": 20000,
        "pes": [
          {
            "id": 1,
            "mips": 30000
          },
          {
            "id": 2,
            "mips": 30000
          },
          {
            "id": 3,
            "mips": 30000
          },
          {
            "id": 4,
            "mips": 30000
          }
        ]
      },
      {
        "id": 3,
        "hostType": "Economy",
        "ram": 16384000,
        "storage": 100000000,
        "bw": 5000000,
        "pes": [
          {
            "id": 1,
            "mips": 10000
          },
          {
            "id": 2,
            "mips": 10000
          }
        ]
      }
    ]
  },
  "virtualMachines": [
    {
      "id": 1,
      "userId": 2,
      "mips": 1686,
      "numberOfPes": 2,
      "ram": 1024,
      "bw": 308,
      "size": 3143,
      "vmm": "Xen",
      "hostId": 3,
      "migrate": false
    },
    {
      "id": 2,
      "userId": 3,
      "mips": 1538,
      "numberOfPes": 1,
      "ram": 512,
      "bw": 667,
      "size": 7492,
      "vmm": "Xen",
      "hostId": 1,
      "migrate": false
    },
    {
      "id": 3,
      "userId": 4,
      "mips": 1712,
      "numberOfPes": 1,
      "ram": 512,
      "bw": 436,
      "size": 4851,
      "vmm": "Xen",
      "hostId": 3,
      "migrate": true
    },
    {
      "id": 4,
      "userId": 5,
      "mips": 2271,
      "numberOfPes": 2,
      "ram": 1024,
      "bw": 483,
      "size": 5924,
      "vmm": "Xen",
      "hostId": 1,
      "migrate": false
    },
    {
      "id": 5,
      "userId": 6,
      "mips": 1465,
      "numberOfPes": 1,
      "ram": 512,
      "bw": 509,
      "size": 8792,
      "vmm": "Xen",
      "hostId": 1,
      "migrate": false
    },
    {
      "id": 6,
      "userId": 7,
      "mips": 2428,
      "numberOfPes": 1,
      "ram": 512,
      "bw": 414,
      "size": 8373,
      "vmm": "Xen",
      "hostId": 2,
      "migrate": true
    }
  ],
  "cloudlets": [
    {
      "id": 1,
      "length": 5000,
      "pesNumber": 2,
      "fileSize": 300,
      "outputSize": 300,
      "utilizationModelCpu": "Full",
      "utilizationModelRam": "Full",
      "utilizationModelBw": "Full",
      "vmId": 1
    },
    {
      "id": 2,
      "length": 5000,
      "pesNumber": 2,
      "fileSize": 300,
      "outputSize": 300,
      "utilizationModelCpu": "Full",
      "utilizationModelRam": "Full",
      "utilizationModelBw": "Full",
      "vmId": 2
    },
    {
      "id": 3,
      "length": 5000,
      "pesNumber": 2,
      "fileSize": 300,
      "outputSize": 300,
      "utilizationModelCpu": "Full",
      "utilizationModelRam": "Full",
      "utilizationModelBw": "Full",
      "vmId": 3
    },
    {
      "id": 4,
      "length": 5000,
      "pesNumber": 2,
      "fileSize": 300,
      "outputSize": 300,
      "utilizationModelCpu": "Full",
      "utilizationModelRam": "Full",
      "utilizationModelBw": "Full",
      "vmId": 4
    },
    {
      "id": 5,
      "length": 5000,
      "pesNumber": 2,
      "fileSize": 300,
      "outputSize": 300,
      "utilizationModelCpu": "Full",
      "utilizationModelRam": "Full",
      "utilizationModelBw": "Full",
      "vmId": 5
    },
    {
      "id": 6,
      "length": 5000,
      "pesNumber": 2,
      "fileSize": 300,
      "outputSize": 300,
      "utilizationModelCpu": "Full",
      "utilizationModelRam": "Full",
      "utilizationModelBw": "Full",
      "vmId": 6
    }
  ]
}