{
  "datacenter": {
    "name": "Datacenter_1",
    "arch": "x86",
    "os": "Linux",
    "vmm": "Xen",
    "cost": 3.0,
    "costPerMem": 0.05,
    "costPerStorage": 0.1,
    "costPerBw": 0.1,
    "physicalMachines": [
      {
        "id": 1,
        "hostType": "Economy",
        "ram": 16384000,
        "storage": 100000000,
        "bw": 5000000,
        "pes": [
          {
            "id": 1,
            "mips": 10000
          },
          {
            "id": 2,
            "mips": 10000
          }
        ]
      },
      {
        "id": 2,
        "hostType": "Standard",
        "ram": 32768000,
        "storage": 200000000,
        "bw": 10000000,
        "pes": [
          {
            "id": 1,
            "mips": 20000
          },
          {
            "id": 2,
            "mips": 20000
          },
          {
            "id": 3,
            "mips": 20000
          },
          {
            "id": 4,
            "mips": 20000
          }
        ]
      },
      {
        "id": 3,
        "hostType": "HighPerformance",
        "ram": 65536,
        "storage": 4000000,
        "bw": 20000,
        "pes": [
          {
            "id": 1,
            "mips": 30000
          },
          {
            "id": 2,
            "mips": 30000
          },
          {
            "id": 3,
            "mips": 30000
          },
          {
            "id": 4,
            "mips": 30000
          }
        ]
      },
      {
        "id": 4,
        "hostType": "Economy",
        "ram": 16384000,
        "storage": 100000000,
        "bw": 5000000,
        "pes": [
          {
            "id": 1,
            "mips": 10000
          },
          {
            "id": 2,
            "mips": 10000
          }
        ]
      },
      {
        "id": 5,
        "hostType": "Economy",
        "ram": 16384000,
        "storage": 100000000,
        "bw": 5000000,
        "pes": [
          {
            "id": 1,
            "mips": 10000
          },
          {
            "id": 2,
            "mips": 10000
          }
        ]
      },
      {
        "id": 6,
        "hostType": "Economy",
        "ram": 16384000,
        "storage": 100000000,
        "bw": 5000000,
        "pes": [
          {
            "id": 1,
            "mips": 10000
          },
          {
            "id": 2,
            "mips": 10000
          }
        ]
      },
      {
        "id": 7,
        "hostType": "HighPerformance",
        "ram": 65536,
        "storage": 4000000,
        "bw": 20000,
        "pes": [
          {
            "id": 1,
            "mips": 30000
          },
          {
            "id": 2,
            "mips": 30000
          },
          {
            "id": 3,
            "mips": 30000
          },
          {
            "id": 4,
            "mips": 30000
          }
        ]
      },
      {
        "id": 8,
        "hostType": "Economy",
        "ram": 16384000,
        "storage": 100000000,
        "bw": 5000000,
        "pes": [
          {
            "id": 1,
            "mips": 10000
          },
          {
            "id": 2,
            "mips": 10000
          }
        ]
      },
      {
        "id": 9,
        "hostType": "Economy",
        "ram": 16384000,
        "storage": 100000000,
        "bw": 5000000,
        "pes": [
          {
            "id": 1,
            "mips": 10000
          },
          {
            "id": 2,
            "mips": 10000
          }
        ]
      },
      {
        "id": 10,
        "hostType": "Economy",
        "ram": 16384000,
        "storage": 100000000,
        "bw": 5000000,
        "pes": [
          {
            "id": 1,
            "mips": 10000
          },
          {
            "id": 2,
            "mips": 10000
          }
        ]
      }
    ]
  },
  "virtualMachines": [
    {
      "id": 1,
      "userId": 2,
      "mips": 2185,
      "numberOfPes": 1,
      "ram": 512,
      "bw": 290,
      "size": 8370,
      "vmm": "Xen",
      "hostId": 6,
      "migrate": false
    },
    {
      "id": 2,
      "userId": 3,
      "mips": 2278,
      "numberOfPes": 1,
      "ram": 512,
      "bw": 670,
      "size": 8761,
      "vmm": "Xen",
      "hostId": 6,
      "migrate": false
    },
    {
      "id": 3,
      "userId": 4,
      "mips": 2421,
      "numberOfPes": 2,
      "ram": 1024,
      "bw": 318,
      "size": 1335,
      "vmm": "Xen",
      "hostId": 5,
      "migrate": true
    },
    {
      "id": 4,
      "userId": 5,
      "mips": 2415,
      "numberOfPes": 1,
      "ram": 512,
      "bw": 294,
      "size": 2374,
      "vmm": "Xen",
      "hostId": 5,
      "migrate": true
    },
    {
      "id": 5,
      "userId": 6,
      "mips": 2135,
      "numberOfPes": 2,
      "ram": 1024,
      "bw": 496,
      "size": 4468,
      "vmm": "Xen",
      "hostId": 9,
      "migrate": true
    },
    {
      "id": 6,
      "userId": 7,
      "mips": 1638,
      "numberOfPes": 2,
      "ram": 1024,
      "bw": 609,
      "size": 7903,
      "vmm": "Xen",
      "hostId": 10,
      "migrate": true
    },
    {
      "id": 7,
      "userId": 8,
      "mips": 1820,
      "numberOfPes": 2,
      "ram": 1024,
      "bw": 526,
      "size": 6791,
      "vmm": "Xen",
      "hostId": 8,
      "migrate": true
    },
    {
      "id": 8,
      "userId": 9,
      "mips": 1621,
      "numberOfPes": 2,
      "ram": 1024,
      "bw": 440,
      "size": 6612,
      "vmm": "Xen",
      "hostId": 8,
      "migrate": false
    },
    {
      "id": 9,
      "userId": 10,
      "mips": 1675,
      "numberOfPes": 1,
      "ram": 512,
      "bw": 351,
      "size": 7850,
      "vmm": "Xen",
      "hostId": 10,
      "migrate": true
    },
    {
      "id": 10,
      "userId": 1,
      "mips": 2660,
      "numberOfPes": 1,
      "ram": 512,
      "bw": 385,
      "size": 3598,
      "vmm": "Xen",
      "hostId": 5,
      "migrate": true
    },
    {
      "id": 11,
      "userId": 2,
      "mips": 1382,
      "numberOfPes": 1,
      "ram": 512,
      "bw": 482,
      "size": 1073,
      "vmm": "Xen",
      "hostId": 8,
      "migrate": false
    },
    {
      "id": 12,
      "userId": 3,
      "mips": 2986,
      "numberOfPes": 2,
      "ram": 1024,
      "bw": 327,
      "size": 4321,
      "vmm": "Xen",
      "hostId": 1,
      "migrate": true
    },
    {
      "id": 13,
      "userId": 4,
      "mips": 1717,
      "numberOfPes": 2,
      "ram": 1024,
      "bw": 661,
      "size": 8184,
      "vmm": "Xen",
      "hostId": 1,
      "migrate": false
    },
    {
      "id": 14,
      "userId": 5,
      "mips": 1062,
      "numberOfPes": 2,
      "ram": 1024,
      "bw": 413,
      "size": 5639,
      "vmm": "Xen",
      "hostId": 8,
      "migrate": true
    },
    {
      "id": 15,
      "userId": 6,
      "mips": 2121,
      "numberOfPes": 1,
      "ram": 512,
      "bw": 201,
      "size": 7394,
      "vmm": "Xen",
      "hostId": 5,
      "migrate": false
    },
    {
      "id": 16,
      "userId": 7,
      "mips": 2050,
      "numberOfPes": 1,
      "ram": 512,
      "bw": 320,
      "size": 1905,
      "vmm": "Xen",
      "hostId": 5,
      "migrate": false
    },
    {
      "id": 17,
      "userId": 8,
      "mips": 1346,
      "numberOfPes": 1,
      "ram": 512,
      "bw": 349,
      "size": 2948,
      "vmm": "Xen",
      "hostId": 2,
      "migrate": false
    },
    {
      "id": 18,
      "userId": 9,
      "mips": 1692,
      "numberOfPes": 2,
      "ram": 1024,
      "bw": 520,
      "size": 8193,
      "vmm": "Xen",
      "hostId": 3,
      "migrate": true
    },
    {
      "id": 19,
      "userId": 10,
      "mips": 2486,
      "numberOfPes": 2,
      "ram": 1024,
      "bw": 480,
      "size": 6697,
      "vmm": "Xen",
      "hostId": 10,
      "migrate": false
    },
    {
      "id": 20,
      "userId": 1,
      "mips": 1545,
      "numberOfPes": 2,
      "ram": 1024,
      "bw": 270,
      "size": 3610,
      "vmm": "Xen",
      "hostId": 5,
      "migrate": false
    },
    {
      "id": 21,
      "userId": 2,
      "mips": 1687,
      "numberOfPes": 2,
      "ram": 1024,
      "bw": 324,
      "size": 6519,
      "vmm": "Xen",
      "hostId": 10,
      "migrate": false
    },
    {
      "id": 22,
      "userId": 3,
      "mips": 1967,
      "numberOfPes": 2,
      "ram": 1024,
      "bw": 600,
      "size": 2656,
      "vmm": "Xen",
      "hostId": 1,
      "migrate": true
    },
    {
      "id": 23,
      "userId": 4,
      "mips": 2759,
      "numberOfPes": 1,
      "ram": 512,
      "bw": 393,
      "size": 3191,
      "vmm": "Xen",
      "hostId": 2,
      "migrate": false
    },
    {
      "id": 24,
      "userId": 5,
      "mips": 2470,
      "numberOfPes": 2,
      "ram": 1024,
      "bw": 657,
      "size": 7172,
      "vmm": "Xen",
      "hostId": 6,
      "migrate": true
    },
    {
      "id": 25,
      "userId": 6,
      "mips": 1683,
      "numberOfPes": 1,
      "ram": 512,
      "bw": 624,
      "size": 2618,
      "vmm": "Xen",
      "hostId": 4,
      "migrate": true
    },
    {
      "id": 26,
      "userId": 7,
      "mips": 2052,
      "numberOfPes": 1,
      "ram": 512,
      "bw": 528,
      "size": 3135,
      "vmm": "Xen",
      "hostId": 1,
      "migrate": false
    },
    {
      "id": 27,
      "userId": 8,
      "mips": 2945,
      "numberOfPes": 1,
      "ram": 512,
      "bw": 605,
      "size": 1375,
      "vmm": "Xen",
      "hostId": 5,
      "migrate": false
    },
    {
      "id": 28,
      "userId": 9,
      "mips": 1595,
      "numberOfPes": 2,
      "ram": 1024,
      "bw": 596,
      "size": 2472,
      "vmm": "Xen",
      "hostId": 1,
      "migrate": true
    },
    {
      "id": 29,
      "userId": 10,
      "mips": 2047,
      "numberOfPes": 2,
      "ram": 1024,
      "bw": 391,
      "size": 3962,
      "vmm": "Xen",
      "hostId": 2,
      "migrate": true
    },
    {
      "id": 30,
      "userId": 1,
      "mips": 1497,
      "numberOfPes": 2,
      "ram": 1024,
      "bw": 398,
      "size": 2087,
      "vmm": "Xen",
      "hostId": 4,
      "migrate": true
    }
  ],
  "cloudlets": [
    {
      "id": 1,
      "length": 5000,
      "pesNumber": 2,
      "fileSize": 300,
      "outputSize": 300,
      "utilizationModelCpu": "Full",
      "utilizationModelRam": "Full",
      "utilizationModelBw": "Full",
      "vmId": 1
    },
    {
      "id": 2,
      "length": 5000,
      "pesNumber": 2,
      "fileSize": 300,
      "outputSize": 300,
      "utilizationModelCpu": "Full",
      "utilizationModelRam": "Full",
      "utilizationModelBw": "Full",
      "vmId": 2
    },
    {
      "id": 3,
      "length": 5000,
      "pesNumber": 2,
      "fileSize": 300,
      "outputSize": 300,
      "utilizationModelCpu": "Full",
      "utilizationModelRam": "Full",
      "utilizationModelBw": "Full",
      "vmId": 3
    },
    {
      "id": 4,
      "length": 5000,
      "pesNumber": 2,
      "fileSize": 300,
      "outputSize": 300,
      "utilizationModelCpu": "Full",
      "utilizationModelRam": "Full",
      "utilizationModelBw": "Full",
      "vmId": 4
    },
    {
      "id": 5,
      "length": 5000,
      "pesNumber": 2,
      "fileSize": 300,
      "outputSize": 300,
      "utilizationModelCpu": "Full",
      "utilizationModelRam": "Full",
      "utilizationModelBw": "Full",
      "vmId": 5
    },
    {
      "id": 6,
      "length": 5000,
      "pesNumber": 2,
      "fileSize": 300,
      "outputSize": 300,
      "utilizationModelCpu": "Full",
      "utilizationModelRam": "Full",
      "utilizationModelBw": "Full",
      "vmId": 6
    },
    {
      "id": 7,
      "length": 5000,
      "pesNumber": 2,
      "fileSize": 300,
      "outputSize": 300,
      "utilizationModelCpu": "Full",
      "utilizationModelRam": "Full",
      "utilizationModelBw": "Full",
      "vmId": 7
    },
    {
      "id": 8,
      "length": 5000,
      "pesNumber": 2,
      "fileSize": 300,
      "outputSize": 300,
      "utilizationModelCpu": "Full",
      "utilizationModelRam": "Full",
      "utilizationModelBw": "Full",
      "vmId": 8
    },
    {
      "id": 9,
      "length": 5000,
      "pesNumber": 2,
      "fileSize": 300,
      "outputSize": 300,
      "utilizationModelCpu": "Full",
      "utilizationModelRam": "Full",
      "utilizationModelBw": "Full",
      "vmId": 9
    },
    {
      "id": 10,
      "length": 5000,
      "pesNumber": 2,
      "fileSize": 300,
      "outputSize": 300,
      "utilizationModelCpu": "Full",
      "utilizationModelRam": "Full",
      "utilizationModelBw": "Full",
      "vmId": 10
    },
    {
      "id": 11,
      "length": 5000,
      "pesNumber": 2,
      "fileSize": 300,
      "outputSize": 300,
      "utilizationModelCpu": "Full",
      "utilizationModelRam": "Full",
      "utilizationModelBw": "Full",
      "vmId": 11
    },
    {
      "id": 12,
      "length": 5000,
      "pesNumber": 2,
      "fileSize": 300,
      "outputSize": 300,
      "utilizationModelCpu": "Full",
      "utilizationModelRam": "Full",
      "utilizationModelBw": "Full",
      "vmId": 12
    },
    {
      "id": 13,
      "length": 5000,
      "pesNumber": 2,
      "fileSize": 300,
      "outputSize": 300,
      "utilizationModelCpu": "Full",
      "utilizationModelRam": "Full",
      "utilizationModelBw": "Full",
      "vmId": 13
    },
    {
      "id": 14,
      "length": 5000,
      "pesNumber": 2,
      "fileSize": 300,
      "outputSize": 300,
      "utilizationModelCpu": "Full",
      "utilizationModelRam": "Full",
      "utilizationModelBw": "Full",
      "vmId": 14
    },
    {
      "id": 15,
      "length": 5000,
      "pesNumber": 2,
      "fileSize": 300,
      "outputSize": 300,
      "utilizationModelCpu": "Full",
      "utilizationModelRam": "Full",
      "utilizationModelBw": "Full",
      "vmId": 15
    },
    {
      "id": 16,
      "length": 5000,
      "pesNumber": 2,
      "fileSize": 300,
      "outputSize": 300,
      "utilizationModelCpu": "Full",
      "utilizationModelRam": "Full",
      "utilizationModelBw": "Full",
      "vmId": 16
    },
    {
      "id": 17,
      "length": 5000,
      "pesNumber": 2,
      "fileSize": 300,
      "outputSize": 300,
      "utilizationModelCpu": "Full",
      "utilizationModelRam": "Full",
      "utilizationModelBw": "Full",
      "vmId": 17
    },
    {
      "id": 18,
      "length": 5000,
      "pesNumber": 2,
      "fileSize": 300,
      "outputSize": 300,
      "utilizationModelCpu": "Full",
      "utilizationModelRam": "Full",
      "utilizationModelBw": "Full",
      "vmId": 18
    },
    {
      "id": 19,
      "length": 5000,
      "pesNumber": 2,
      "fileSize": 300,
      "outputSize": 300,
      "utilizationModelCpu": "Full",
      "utilizationModelRam": "Full",
      "utilizationModelBw": "Full",
      "vmId": 19
    },
    {
      "id": 20,
      "length": 5000,
      "pesNumber": 2,
      "fileSize": 300,
      "outputSize": 300,
      "utilizationModelCpu": "Full",
      "utilizationModelRam": "Full",
      "utilizationModelBw": "Full",
      "vmId": 20
    },
    {
      "id": 21,
      "length": 5000,
      "pesNumber": 2,
      "fileSize": 300,
      "outputSize": 300,
      "utilizationModelCpu": "Full",
      "utilizationModelRam": "Full",
      "utilizationModelBw": "Full",
      "vmId": 21
    },
    {
      "id": 22,
      "length": 5000,
      "pesNumber": 2,
      "fileSize": 300,
      "outputSize": 300,
      "utilizationModelCpu": "Full",
      "utilizationModelRam": "Full",
      "utilizationModelBw": "Full",
      "vmId": 22
    },
    {
      "id": 23,
      "length": 5000,
      "pesNumber": 2,
      "fileSize": 300,
      "outputSize": 300,
      "utilizationModelCpu": "Full",
      "utilizationModelRam": "Full",
      "utilizationModelBw": "Full",
      "vmId": 23
    },
    {
      "id": 24,
      "length": 5000,
      "pesNumber": 2,
      "fileSize": 300,
      "outputSize": 300,
      "utilizationModelCpu": "Full",
      "utilizationModelRam": "Full",
      "utilizationModelBw": "Full",
      "vmId": 24
    },
    {
      "id": 25,
      "length": 5000,
      "pesNumber": 2,
      "fileSize": 300,
      "outputSize": 300,
      "utilizationModelCpu": "Full",
      "utilizationModelRam": "Full",
      "utilizationModelBw": "Full",
      "vmId": 25
    },
    {
      "id": 26,
      "length": 5000,
      "pesNumber": 2,
      "fileSize": 300,
      "outputSize": 300,
      "utilizationModelCpu": "Full",
      "utilizationModelRam": "Full",
      "utilizationModelBw": "Full",
      "vmId": 26
    },
    {
      "id": 27,
      "length": 5000,
      "pesNumber": 2,
      "fileSize": 300,
      "outputSize": 300,
      "utilizationModelCpu": "Full",
      "utilizationModelRam": "Full",
      "utilizationModelBw": "Full",
      "vmId": 27
    },
    {
      "id": 28,
      "length": 5000,
      "pesNumber": 2,
      "fileSize": 300,
      "outputSize": 300,
      "utilizationModelCpu": "Full",
      "utilizationModelRam": "Full",
      "utilizationModelBw": "Full",
      "vmId": 28
    },
    {
      "id": 29,
      "length": 5000,
      "pesNumber": 2,
      "fileSize": 300,
      "outputSize": 300,
      "utilizationModelCpu": "Full",
      "utilizationModelRam": "Full",
      "utilizationModelBw": "Full",
      "vmId": 29
    },
    {
      "id": 30,
      "length": 5000,
      "pesNumber": 2,
      "fileSize": 300,
      "outputSize": 300,
      "utilizationModelCpu": "Full",
      "utilizationModelRam": "Full",
      "utilizationModelBw": "Full",
      "vmId": 30
    }
  ]
}