{
  "datacenter": {
    "name": "Datacenter_1",
    "arch": "x86",
    "os": "Linux",
    "vmm": "Xen",
    "cost": 3.0,
    "costPerMem": 0.05,
    "costPerStorage": 0.1,
    "costPerBw": 0.1,
    "physicalMachines": [
      {
        "id": 1,
        "hostType": "HighPerformance",
        "ram": 131072,
        "storage": 4000000,
        "bw": 80000,
        "pes": [
          {
            "id": 1,
            "mips": 30000
          },
          {
            "id": 2,
            "mips": 30000
          },
          {
            "id": 3,
            "mips": 30000
          },
          {
            "id": 4,
            "mips": 30000
          }
        ]
      },
      {
        "id": 2,
        "hostType": "Standard",
        "ram": 131072,
        "storage": 200000000,
        "bw": 120000,
        "pes": [
          {
            "id": 1,
            "mips": 20000
          },
          {
            "id": 2,
            "mips": 20000
          },
          {
            "id": 3,
            "mips": 20000
          },
          {
            "id": 4,
            "mips": 20000
          }
        ]
      },
      {
        "id": 3,
        "hostType": "HighPerformance",
        "ram": 65536,
        "storage": 4000000,
        "bw": 120000,
        "pes": [
          {
            "id": 1,
            "mips": 30000
          },
          {
            "id": 2,
            "mips": 30000
          },
          {
            "id": 3,
            "mips": 30000
          },
          {
            "id": 4,
            "mips": 30000
          }
        ]
      },
      {
        "id": 4,
        "hostType": "Standard",
        "ram": 196608,
        "storage": 200000000,
        "bw": 120000,
        "pes": [
          {
            "id": 1,
            "mips": 20000
          },
          {
            "id": 2,
            "mips": 20000
          },
          {
            "id": 3,
            "mips": 20000
          },
          {
            "id": 4,
            "mips": 20000
          }
        ]
      },
      {
        "id": 5,
        "hostType": "Economy",
        "ram": 65536,
        "storage": 100000000,
        "bw": 40000,
        "pes": [
          {
            "id": 1,
            "mips": 10000
          },
          {
            "id": 2,
            "mips": 10000
          }
        ]
      },
      {
        "id": 6,
        "hostType": "Standard",
        "ram": 131072,
        "storage": 200000000,
        "bw": 120000,
        "pes": [
          {
            "id": 1,
            "mips": 20000
          },
          {
            "id": 2,
            "mips": 20000
          },
          {
            "id": 3,
            "mips": 20000
          },
          {
            "id": 4,
            "mips": 20000
          }
        ]
      },
      {
        "id": 7,
        "hostType": "HighPerformance",
        "ram": 131072,
        "storage": 4000000,
        "bw": 80000,
        "pes": [
          {
            "id": 1,
            "mips": 30000
          },
          {
            "id": 2,
            "mips": 30000
          },
          {
            "id": 3,
            "mips": 30000
          },
          {
            "id": 4,
            "mips": 30000
          }
        ]
      },
      {
        "id": 8,
        "hostType": "Standard",
        "ram": 196608,
        "storage": 200000000,
        "bw": 120000,
        "pes": [
          {
            "id": 1,
            "mips": 20000
          },
          {
            "id": 2,
            "mips": 20000
          },
          {
            "id": 3,
            "mips": 20000
          },
          {
            "id": 4,
            "mips": 20000
          }
        ]
      },
      {
        "id": 9,
        "hostType": "HighPerformance",
        "ram": 196608,
        "storage": 4000000,
        "bw": 80000,
        "pes": [
          {
            "id": 1,
            "mips": 30000
          },
          {
            "id": 2,
            "mips": 30000
          },
          {
            "id": 3,
            "mips": 30000
          },
          {
            "id": 4,
            "mips": 30000
          }
        ]
      },
      {
        "id": 10,
        "hostType": "HighPerformance",
        "ram": 65536,
        "storage": 4000000,
        "bw": 40000,
        "pes": [
          {
            "id": 1,
            "mips": 30000
          },
          {
            "id": 2,
            "mips": 30000
          },
          {
            "id": 3,
            "mips": 30000
          },
          {
            "id": 4,
            "mips": 30000
          }
        ]
      }
    ]
  },
  "virtualMachines": [
    {
      "id": 1,
      "userId": 2,
      "mips": 1531,
      "numberOfPes": 2,
      "ram": 1024,
      "bw": 573,
      "size": 7608,
      "vmm": "Xen",
      "hostId": 7,
      "migrate": true
    },
    {
      "id": 2,
      "userId": 3,
      "mips": 2587,
      "numberOfPes": 1,
      "ram": 512,
      "bw": 443,
      "size": 7303,
      "vmm": "Xen",
      "hostId": 4,
      "migrate": false
    },
    {
      "id": 3,
      "userId": 4,
      "mips": 2991,
      "numberOfPes": 1,
      "ram": 512,
      "bw": 451,
      "size": 5732,
      "vmm": "Xen",
      "hostId": 7,
      "migrate": false
    },
    {
      "id": 4,
      "userId": 5,
      "mips": 2071,
      "numberOfPes": 2,
      "ram": 1024,
      "bw": 273,
      "size": 4130,
      "vmm": "Xen",
      "hostId": 5,
      "migrate": false
    },
    {
      "id": 5,
      "userId": 6,
      "mips": 1994,
      "numberOfPes": 2,
      "ram": 1024,
      "bw": 477,
      "size": 7385,
      "vmm": "Xen",
      "hostId": 7,
      "migrate": true
    },
    {
      "id": 6,
      "userId": 7,
      "mips": 2032,
      "numberOfPes": 2,
      "ram": 1024,
      "bw": 306,
      "size": 8898,
      "vmm": "Xen",
      "hostId": 7,
      "migrate": false
    },
    {
      "id": 7,
      "userId": 8,
      "mips": 1157,
      "numberOfPes": 1,
      "ram": 512,
      "bw": 461,
      "size": 3266,
      "vmm": "Xen",
      "hostId": 10,
      "migrate": false
    },
    {
      "id": 8,
      "userId": 9,
      "mips": 1326,
      "numberOfPes": 1,
      "ram": 512,
      "bw": 343,
      "size": 1120,
      "vmm": "Xen",
      "hostId": 8,
      "migrate": true
    },
    {
      "id": 9,
      "userId": 10,
      "mips": 2397,
      "numberOfPes": 1,
      "ram": 512,
      "bw": 564,
      "size": 3203,
      "vmm": "Xen",
      "hostId": 9,
      "migrate": false
    },
    {
      "id": 10,
      "userId": 1,
      "mips": 2493,
      "numberOfPes": 2,
      "ram": 1024,
      "bw": 624,
      "size": 3960,
      "vmm": "Xen",
      "hostId": 1,
      "migrate": true
    },
    {
      "id": 11,
      "userId": 2,
      "mips": 1276,
      "numberOfPes": 1,
      "ram": 512,
      "bw": 257,
      "size": 2265,
      "vmm": "Xen",
      "hostId": 8,
      "migrate": true
    },
    {
      "id": 12,
      "userId": 3,
      "mips": 1356,
      "numberOfPes": 2,
      "ram": 1024,
      "bw": 232,
      "size": 8389,
      "vmm": "Xen",
      "hostId": 7,
      "migrate": true
    },
    {
      "id": 13,
      "userId": 4,
      "mips": 2766,
      "numberOfPes": 1,
      "ram": 512,
      "bw": 454,
      "size": 8677,
      "vmm": "Xen",
      "hostId": 2,
      "migrate": true
    },
    {
      "id": 14,
      "userId": 5,
      "mips": 1883,
      "numberOfPes": 2,
      "ram": 1024,
      "bw": 545,
      "size": 2449,
      "vmm": "Xen",
      "hostId": 3,
      "migrate": true
    },
    {
      "id": 15,
      "userId": 6,
      "mips": 2117,
      "numberOfPes": 1,
      "ram": 512,
      "bw": 631,
      "size": 4242,
      "vmm": "Xen",
      "hostId": 2,
      "migrate": false
    },
    {
      "id": 16,
      "userId": 7,
      "mips": 1367,
      "numberOfPes": 1,
      "ram": 512,
      "bw": 695,
      "size": 2796,
      "vmm": "Xen",
      "hostId": 9,
      "migrate": true
    },
    {
      "id": 17,
      "userId": 8,
      "mips": 1361,
      "numberOfPes": 1,
      "ram": 512,
      "bw": 421,
      "size": 2197,
      "vmm": "Xen",
      "hostId": 6,
      "migrate": false
    },
    {
      "id": 18,
      "userId": 9,
      "mips": 1626,
      "numberOfPes": 1,
      "ram": 512,
      "bw": 476,
      "size": 2118,
      "vmm": "Xen",
      "hostId": 7,
      "migrate": true
    },
    {
      "id": 19,
      "userId": 10,
      "mips": 2040,
      "numberOfPes": 1,
      "ram": 512,
      "bw": 479,
      "size": 2970,
      "vmm": "Xen",
      "hostId": 4,
      "migrate": false
    },
    {
      "id": 20,
      "userId": 1,
      "mips": 2699,
      "numberOfPes": 1,
      "ram": 512,
      "bw": 289,
      "size": 1951,
      "vmm": "Xen",
      "hostId": 1,
      "migrate": false
    },
    {
      "id": 21,
      "userId": 2,
      "mips": 2182,
      "numberOfPes": 1,
      "ram": 512,
      "bw": 481,
      "size": 4294,
      "vmm": "Xen",
      "hostId": 4,
      "migrate": false
    },
    {
      "id": 22,
      "userId": 3,
      "mips": 2294,
      "numberOfPes": 2,
      "ram": 1024,
      "bw": 668,
      "size": 2595,
      "vmm": "Xen",
      "hostId": 10,
      "migrate": true
    },
    {
      "id": 23,
      "userId": 4,
      "mips": 1338,
      "numberOfPes": 1,
      "ram": 512,
      "bw": 642,
      "size": 7647,
      "vmm": "Xen",
      "hostId": 9,
      "migrate": true
    },
    {
      "id": 24,
      "userId": 5,
      "mips": 1552,
      "numberOfPes": 1,
      "ram": 512,
      "bw": 242,
      "size": 8090,
      "vmm": "Xen",
      "hostId": 6,
      "migrate": false
    },
    {
      "id": 25,
      "userId": 6,
      "mips": 2085,
      "numberOfPes": 2,
      "ram": 1024,
      "bw": 288,
      "size": 5776,
      "vmm": "Xen",
      "hostId": 2,
      "migrate": true
    },
    {
      "id": 26,
      "userId": 7,
      "mips": 1235,
      "numberOfPes": 2,
      "ram": 1024,
      "bw": 665,
      "size": 2053,
      "vmm": "Xen",
      "hostId": 8,
      "migrate": false
    },
    {
      "id": 27,
      "userId": 8,
      "mips": 1975,
      "numberOfPes": 1,
      "ram": 512,
      "bw": 270,
      "size": 2001,
      "vmm": "Xen",
      "hostId": 7,
      "migrate": true
    },
    {
      "id": 28,
      "userId": 9,
      "mips": 1113,
      "numberOfPes": 2,
      "ram": 1024,
      "bw": 448,
      "size": 2828,
      "vmm": "Xen",
      "hostId": 3,
      "migrate": false
    },
    {
      "id": 29,
      "userId": 10,
      "mips": 1631,
      "numberOfPes": 2,
      "ram": 1024,
      "bw": 638,
      "size": 4716,
      "vmm": "Xen",
      "hostId": 5,
      "migrate": true
    },
    {
      "id": 30,
      "userId": 1,
      "mips": 2448,
      "numberOfPes": 1,
      "ram": 512,
      "bw": 383,
      "size": 1436,
      "vmm": "Xen",
      "hostId": 1,
      "migrate": true
    },
    {
      "id": 31,
      "userId": 2,
      "mips": 2615,
      "numberOfPes": 1,
      "ram": 512,
      "bw": 468,
      "size": 8419,
      "vmm": "Xen",
      "hostId": 4,
      "migrate": true
    },
    {
      "id": 32,
      "userId": 3,
      "mips": 2225,
      "numberOfPes": 1,
      "ram": 512,
      "bw": 493,
      "size": 1878,
      "vmm": "Xen",
      "hostId": 9,
      "migrate": true
    },
    {
      "id": 33,
      "userId": 4,
      "mips": 2802,
      "numberOfPes": 1,
      "ram": 512,
      "bw": 396,
      "size": 2294,
      "vmm": "Xen",
      "hostId": 2,
      "migrate": true
    },
    {
      "id": 34,
      "userId": 5,
      "mips": 2710,
      "numberOfPes": 2,
      "ram": 1024,
      "bw": 651,
      "size": 7723,
      "vmm": "Xen",
      "hostId": 2,
      "migrate": true
    },
    {
      "id": 35,
      "userId": 6,
      "mips": 2251,
      "numberOfPes": 1,
      "ram": 512,
      "bw": 608,
      "size": 7177,
      "vmm": "Xen",
      "hostId": 10,
      "migrate": false
    },
    {
      "id": 36,
      "userId": 7,
      "mips": 1823,
      "numberOfPes": 2,
      "ram": 1024,
      "bw": 248,
      "size": 5067,
      "vmm": "Xen",
      "hostId": 2,
      "migrate": false
    },
    {
      "id": 37,
      "userId": 8,
      "mips": 2083,
      "numberOfPes": 2,
      "ram": 1024,
      "bw": 667,
      "size": 7658,
      "vmm": "Xen",
      "hostId": 2,
      "migrate": true
    },
    {
      "id": 38,
      "userId": 9,
      "mips": 1464,
      "numberOfPes": 1,
      "ram": 512,
      "bw": 628,
      "size": 1860,
      "vmm": "Xen",
      "hostId": 6,
      "migrate": false
    },
    {
      "id": 39,
      "userId": 10,
      "mips": 2175,
      "numberOfPes": 2,
      "ram": 1024,
      "bw": 218,
      "size": 4664,
      "vmm": "Xen",
      "hostId": 2,
      "migrate": false
    },
    {
      "id": 40,
      "userId": 1,
      "mips": 1218,
      "numberOfPes": 1,
      "ram": 512,
      "bw": 558,
      "size": 3887,
      "vmm": "Xen",
      "hostId": 4,
      "migrate": true
    }
  ],
  "cloudlets": [
    {
      "id": 1,
      "length": 5000,
      "pesNumber": 2,
      "fileSize": 300,
      "outputSize": 300,
      "utilizationModelCpu": "Full",
      "utilizationModelRam": "Full",
      "utilizationModelBw": "Full",
      "vmId": 1
    },
    {
      "id": 2,
      "length": 5000,
      "pesNumber": 2,
      "fileSize": 300,
      "outputSize": 300,
      "utilizationModelCpu": "Full",
      "utilizationModelRam": "Full",
      "utilizationModelBw": "Full",
      "vmId": 2
    },
    {
      "id": 3,
      "length": 5000,
      "pesNumber": 2,
      "fileSize": 300,
      "outputSize": 300,
      "utilizationModelCpu": "Full",
      "utilizationModelRam": "Full",
      "utilizationModelBw": "Full",
      "vmId": 3
    },
    {
      "id": 4,
      "length": 5000,
      "pesNumber": 2,
      "fileSize": 300,
      "outputSize": 300,
      "utilizationModelCpu": "Full",
      "utilizationModelRam": "Full",
      "utilizationModelBw": "Full",
      "vmId": 4
    },
    {
      "id": 5,
      "length": 5000,
      "pesNumber": 2,
      "fileSize": 300,
      "outputSize": 300,
      "utilizationModelCpu": "Full",
      "utilizationModelRam": "Full",
      "utilizationModelBw": "Full",
      "vmId": 5
    },
    {
      "id": 6,
      "length": 5000,
      "pesNumber": 2,
      "fileSize": 300,
      "outputSize": 300,
      "utilizationModelCpu": "Full",
      "utilizationModelRam": "Full",
      "utilizationModelBw": "Full",
      "vmId": 6
    },
    {
      "id": 7,
      "length": 5000,
      "pesNumber": 2,
      "fileSize": 300,
      "outputSize": 300,
      "utilizationModelCpu": "Full",
      "utilizationModelRam": "Full",
      "utilizationModelBw": "Full",
      "vmId": 7
    },
    {
      "id": 8,
      "length": 5000,
      "pesNumber": 2,
      "fileSize": 300,
      "outputSize": 300,
      "utilizationModelCpu": "Full",
      "utilizationModelRam": "Full",
      "utilizationModelBw": "Full",
      "vmId": 8
    },
    {
      "id": 9,
      "length": 5000,
      "pesNumber": 2,
      "fileSize": 300,
      "outputSize": 300,
      "utilizationModelCpu": "Full",
      "utilizationModelRam": "Full",
      "utilizationModelBw": "Full",
      "vmId": 9
    },
    {
      "id": 10,
      "length": 5000,
      "pesNumber": 2,
      "fileSize": 300,
      "outputSize": 300,
      "utilizationModelCpu": "Full",
      "utilizationModelRam": "Full",
      "utilizationModelBw": "Full",
      "vmId": 10
    },
    {
      "id": 11,
      "length": 5000,
      "pesNumber": 2,
      "fileSize": 300,
      "outputSize": 300,
      "utilizationModelCpu": "Full",
      "utilizationModelRam": "Full",
      "utilizationModelBw": "Full",
      "vmId": 11
    },
    {
      "id": 12,
      "length": 5000,
      "pesNumber": 2,
      "fileSize": 300,
      "outputSize": 300,
      "utilizationModelCpu": "Full",
      "utilizationModelRam": "Full",
      "utilizationModelBw": "Full",
      "vmId": 12
    },
    {
      "id": 13,
      "length": 5000,
      "pesNumber": 2,
      "fileSize": 300,
      "outputSize": 300,
      "utilizationModelCpu": "Full",
      "utilizationModelRam": "Full",
      "utilizationModelBw": "Full",
      "vmId": 13
    },
    {
      "id": 14,
      "length": 5000,
      "pesNumber": 2,
      "fileSize": 300,
      "outputSize": 300,
      "utilizationModelCpu": "Full",
      "utilizationModelRam": "Full",
      "utilizationModelBw": "Full",
      "vmId": 14
    },
    {
      "id": 15,
      "length": 5000,
      "pesNumber": 2,
      "fileSize": 300,
      "outputSize": 300,
      "utilizationModelCpu": "Full",
      "utilizationModelRam": "Full",
      "utilizationModelBw": "Full",
      "vmId": 15
    },
    {
      "id": 16,
      "length": 5000,
      "pesNumber": 2,
      "fileSize": 300,
      "outputSize": 300,
      "utilizationModelCpu": "Full",
      "utilizationModelRam": "Full",
      "utilizationModelBw": "Full",
      "vmId": 16
    },
    {
      "id": 17,
      "length": 5000,
      "pesNumber": 2,
      "fileSize": 300,
      "outputSize": 300,
      "utilizationModelCpu": "Full",
      "utilizationModelRam": "Full",
      "utilizationModelBw": "Full",
      "vmId": 17
    },
    {
      "id": 18,
      "length": 5000,
      "pesNumber": 2,
      "fileSize": 300,
      "outputSize": 300,
      "utilizationModelCpu": "Full",
      "utilizationModelRam": "Full",
      "utilizationModelBw": "Full",
      "vmId": 18
    },
    {
      "id": 19,
      "length": 5000,
      "pesNumber": 2,
      "fileSize": 300,
      "outputSize": 300,
      "utilizationModelCpu": "Full",
      "utilizationModelRam": "Full",
      "utilizationModelBw": "Full",
      "vmId": 19
    },
    {
      "id": 20,
      "length": 5000,
      "pesNumber": 2,
      "fileSize": 300,
      "outputSize": 300,
      "utilizationModelCpu": "Full",
      "utilizationModelRam": "Full",
      "utilizationModelBw": "Full",
      "vmId": 20
    },
    {
      "id": 21,
      "length": 5000,
      "pesNumber": 2,
      "fileSize": 300,
      "outputSize": 300,
      "utilizationModelCpu": "Full",
      "utilizationModelRam": "Full",
      "utilizationModelBw": "Full",
      "vmId": 21
    },
    {
      "id": 22,
      "length": 5000,
      "pesNumber": 2,
      "fileSize": 300,
      "outputSize": 300,
      "utilizationModelCpu": "Full",
      "utilizationModelRam": "Full",
      "utilizationModelBw": "Full",
      "vmId": 22
    },
    {
      "id": 23,
      "length": 5000,
      "pesNumber": 2,
      "fileSize": 300,
      "outputSize": 300,
      "utilizationModelCpu": "Full",
      "utilizationModelRam": "Full",
      "utilizationModelBw": "Full",
      "vmId": 23
    },
    {
      "id": 24,
      "length": 5000,
      "pesNumber": 2,
      "fileSize": 300,
      "outputSize": 300,
      "utilizationModelCpu": "Full",
      "utilizationModelRam": "Full",
      "utilizationModelBw": "Full",
      "vmId": 24
    },
    {
      "id": 25,
      "length": 5000,
      "pesNumber": 2,
      "fileSize": 300,
      "outputSize": 300,
      "utilizationModelCpu": "Full",
      "utilizationModelRam": "Full",
      "utilizationModelBw": "Full",
      "vmId": 25
    },
    {
      "id": 26,
      "length": 5000,
      "pesNumber": 2,
      "fileSize": 300,
      "outputSize": 300,
      "utilizationModelCpu": "Full",
      "utilizationModelRam": "Full",
      "utilizationModelBw": "Full",
      "vmId": 26
    },
    {
      "id": 27,
      "length": 5000,
      "pesNumber": 2,
      "fileSize": 300,
      "outputSize": 300,
      "utilizationModelCpu": "Full",
      "utilizationModelRam": "Full",
      "utilizationModelBw": "Full",
      "vmId": 27
    },
    {
      "id": 28,
      "length": 5000,
      "pesNumber": 2,
      "fileSize": 300,
      "outputSize": 300,
      "utilizationModelCpu": "Full",
      "utilizationModelRam": "Full",
      "utilizationModelBw": "Full",
      "vmId": 28
    },
    {
      "id": 29,
      "length": 5000,
      "pesNumber": 2,
      "fileSize": 300,
      "outputSize": 300,
      "utilizationModelCpu": "Full",
      "utilizationModelRam": "Full",
      "utilizationModelBw": "Full",
      "vmId": 29
    },
    {
      "id": 30,
      "length": 5000,
      "pesNumber": 2,
      "fileSize": 300,
      "outputSize": 300,
      "utilizationModelCpu": "Full",
      "utilizationModelRam": "Full",
      "utilizationModelBw": "Full",
      "vmId": 30
    },
    {
      "id": 31,
      "length": 5000,
      "pesNumber": 2,
      "fileSize": 300,
      "outputSize": 300,
      "utilizationModelCpu": "Full",
      "utilizationModelRam": "Full",
      "utilizationModelBw": "Full",
      "vmId": 31
    },
    {
      "id": 32,
      "length": 5000,
      "pesNumber": 2,
      "fileSize": 300,
      "outputSize": 300,
      "utilizationModelCpu": "Full",
      "utilizationModelRam": "Full",
      "utilizationModelBw": "Full",
      "vmId": 32
    },
    {
      "id": 33,
      "length": 5000,
      "pesNumber": 2,
      "fileSize": 300,
      "outputSize": 300,
      "utilizationModelCpu": "Full",
      "utilizationModelRam": "Full",
      "utilizationModelBw": "Full",
      "vmId": 33
    },
    {
      "id": 34,
      "length": 5000,
      "pesNumber": 2,
      "fileSize": 300,
      "outputSize": 300,
      "utilizationModelCpu": "Full",
      "utilizationModelRam": "Full",
      "utilizationModelBw": "Full",
      "vmId": 34
    },
    {
      "id": 35,
      "length": 5000,
      "pesNumber": 2,
      "fileSize": 300,
      "outputSize": 300,
      "utilizationModelCpu": "Full",
      "utilizationModelRam": "Full",
      "utilizationModelBw": "Full",
      "vmId": 35
    },
    {
      "id": 36,
      "length": 5000,
      "pesNumber": 2,
      "fileSize": 300,
      "outputSize": 300,
      "utilizationModelCpu": "Full",
      "utilizationModelRam": "Full",
      "utilizationModelBw": "Full",
      "vmId": 36
    },
    {
      "id": 37,
      "length": 5000,
      "pesNumber": 2,
      "fileSize": 300,
      "outputSize": 300,
      "utilizationModelCpu": "Full",
      "utilizationModelRam": "Full",
      "utilizationModelBw": "Full",
      "vmId": 37
    },
    {
      "id": 38,
      "length": 5000,
      "pesNumber": 2,
      "fileSize": 300,
      "outputSize": 300,
      "utilizationModelCpu": "Full",
      "utilizationModelRam": "Full",
      "utilizationModelBw": "Full",
      "vmId": 38
    },
    {
      "id": 39,
      "length": 5000,
      "pesNumber": 2,
      "fileSize": 300,
      "outputSize": 300,
      "utilizationModelCpu": "Full",
      "utilizationModelRam": "Full",
      "utilizationModelBw": "Full",
      "vmId": 39
    },
    {
      "id": 40,
      "length": 5000,
      "pesNumber": 2,
      "fileSize": 300,
      "outputSize": 300,
      "utilizationModelCpu": "Full",
      "utilizationModelRam": "Full",
      "utilizationModelBw": "Full",
      "vmId": 40
    }
  ]
}